Date,Close,Open,High,Low,Change %
02-Apr-19,2.472,2.488,2.492,2.467,-1.24%
01-Apr-19,2.503,2.43,2.508,2.424,3.09%
31-Mar-19,2.428,2.424,2.428,2.424,0.87%
29-Mar-19,2.407,2.393,2.433,2.391,0.67%
28-Mar-19,2.391,2.365,2.405,2.34,0.42%
27-Mar-19,2.381,2.425,2.432,2.352,-1.81%
26-Mar-19,2.425,2.414,2.453,2.402,0.83%
25-Mar-19,2.405,2.453,2.473,2.377,-1.89%
24-Mar-19,2.451,2.45,2.451,2.45,0.59%
22-Mar-19,2.437,2.539,2.539,2.418,-4.02%
21-Mar-19,2.539,2.524,2.546,2.5,0.55%
20-Mar-19,2.525,2.616,2.618,2.524,-3.55%
19-Mar-19,2.618,2.603,2.634,2.591,0.50%
18-Mar-19,2.605,2.594,2.611,2.585,0.41%
17-Mar-19,2.594,2.592,2.594,2.592,0.13%
15-Mar-19,2.591,2.628,2.638,2.58,-1.48%
14-Mar-19,2.63,2.621,2.645,2.611,0.19%
13-Mar-19,2.625,2.607,2.628,2.605,0.96%
12-Mar-19,2.6,2.657,2.674,2.596,-1.55%
11-Mar-19,2.641,2.63,2.659,2.623,0.41%
10-Mar-19,2.63,2.628,2.63,2.628,0.00%
08-Mar-19,2.63,2.645,2.652,2.607,-0.42%
07-Mar-19,2.641,2.69,2.693,2.636,-1.93%
06-Mar-19,2.693,2.719,2.72,2.679,-0.96%
05-Mar-19,2.719,2.728,2.75,2.715,-0.18%
04-Mar-19,2.724,2.766,2.768,2.719,-1.51%
03-Mar-19,2.766,2.77,2.77,2.766,0.25%
01-Mar-19,2.759,2.719,2.768,2.711,1.55%
28-Feb-19,2.717,2.675,2.731,2.659,1.15%
27-Feb-19,2.686,2.634,2.699,2.628,1.82%
26-Feb-19,2.638,2.663,2.668,2.632,-1.12%
25-Feb-19,2.668,2.668,2.684,2.655,0.07%
24-Feb-19,2.666,2.664,2.666,2.664,0.46%
22-Feb-19,2.654,2.688,2.688,2.638,-1.52%
21-Feb-19,2.695,2.645,2.697,2.641,1.77%
20-Feb-19,2.648,2.641,2.659,2.627,0.46%
19-Feb-19,2.636,2.675,2.675,2.634,-1.40%
18-Feb-19,2.673,2.673,2.673,2.673,0.35%
15-Feb-19,2.664,2.659,2.688,2.645,0.34%
14-Feb-19,2.655,2.698,2.713,2.643,-1.99%
13-Feb-19,2.709,2.693,2.715,2.681,0.86%
12-Feb-19,2.686,2.654,2.691,2.654,1.21%
11-Feb-19,2.654,2.638,2.67,2.636,0.76%
10-Feb-19,2.634,2.634,2.634,2.634,0.00%
08-Feb-19,2.634,2.657,2.659,2.625,-0.87%
07-Feb-19,2.657,2.697,2.698,2.65,-1.59%
06-Feb-19,2.7,2.704,2.704,2.673,-0.15%
05-Feb-19,2.704,2.718,2.74,2.688,-0.77%
04-Feb-19,2.725,2.693,2.734,2.684,1.25%
03-Feb-19,2.691,2.691,2.691,2.691,0.28%
01-Feb-19,2.684,2.645,2.697,2.624,1.94%
31-Jan-19,2.633,2.683,2.685,2.619,-1.68%
30-Jan-19,2.678,2.715,2.735,2.676,-1.18%
29-Jan-19,2.71,2.742,2.747,2.706,-1.38%
28-Jan-19,2.748,2.755,2.766,2.728,-0.25%
27-Jan-19,2.755,2.755,2.755,2.755,-0.15%
25-Jan-19,2.759,2.721,2.76,2.719,1.58%
24-Jan-19,2.716,2.744,2.753,2.701,-1.24%
23-Jan-19,2.75,2.739,2.779,2.734,0.33%
22-Jan-19,2.741,2.775,2.779,2.727,-1.17%
21-Jan-19,2.773,2.775,2.775,2.773,-0.52%
18-Jan-19,2.788,2.747,2.799,2.743,1.38%
17-Jan-19,2.75,2.72,2.761,2.698,0.84%
16-Jan-19,2.727,2.713,2.743,2.704,0.33%
15-Jan-19,2.718,2.704,2.722,2.679,0.44%
14-Jan-19,2.706,2.676,2.711,2.66,0.26%
13-Jan-19,2.699,2.699,2.699,2.699,0.00%
11-Jan-19,2.699,2.731,2.74,2.681,-1.71%
10-Jan-19,2.746,2.71,2.747,2.678,1.25%
09-Jan-19,2.712,2.73,2.747,2.71,-0.66%
08-Jan-19,2.73,2.692,2.733,2.687,1.19%
07-Jan-19,2.698,2.666,2.701,2.632,1.14%
06-Jan-19,2.668,2.668,2.668,2.668,0.00%
04-Jan-19,2.668,2.564,2.678,2.543,4.55%
03-Jan-19,2.552,2.618,2.656,2.545,-3.08%
02-Jan-19,2.633,2.686,2.697,2.622,-1.97%
01-Jan-19,2.686,2.686,2.686,2.686,0.00%
31-Dec-18,2.686,2.73,2.745,2.679,-1.12%
30-Dec-18,2.716,2.716,2.716,2.716,0.00%
28-Dec-18,2.716,2.768,2.781,2.713,-2.09%
27-Dec-18,2.774,2.803,2.806,2.733,-1.28%
26-Dec-18,2.81,2.751,2.815,2.72,2.16%
25-Dec-18,2.751,2.749,2.751,2.749,0.54%
24-Dec-18,2.736,2.826,2.826,2.733,-1.88%
23-Dec-18,2.788,2.788,2.788,2.788,0.00%
21-Dec-18,2.788,2.801,2.81,2.781,-0.71%
20-Dec-18,2.808,2.767,2.814,2.748,1.67%
19-Dec-18,2.762,2.819,2.861,2.75,-2.16%
18-Dec-18,2.823,2.859,2.861,2.818,-1.19%
17-Dec-18,2.857,2.895,2.898,2.848,-1.25%
16-Dec-18,2.893,2.893,2.893,2.893,-0.07%
14-Dec-18,2.895,2.909,2.913,2.87,-0.62%
13-Dec-18,2.913,2.91,2.918,2.891,0.07%
12-Dec-18,2.911,2.884,2.917,2.879,1.11%
11-Dec-18,2.879,2.85,2.89,2.845,0.56%
10-Dec-18,2.863,2.829,2.868,2.825,1.21%
09-Dec-18,2.829,2.825,2.829,2.825,-1.02%
07-Dec-18,2.858,2.901,2.921,2.847,-1.18%
06-Dec-18,2.892,2.917,2.924,2.826,-0.86%
05-Dec-18,2.917,2.912,2.917,2.912,0.08%
04-Dec-18,2.915,2.975,2.977,2.885,-1.72%
03-Dec-18,2.966,3.037,3.05,2.966,-2.40%
02-Dec-18,3.039,3.037,3.039,3.037,1.53%
30-Nov-18,2.993,3.026,3.032,2.988,-1.29%
29-Nov-18,3.032,3.048,3.052,2.997,-0.95%
28-Nov-18,3.061,3.057,3.075,3.043,0.07%
27-Nov-18,3.059,3.059,3.074,3.044,0.00%
26-Nov-18,3.059,3.05,3.079,3.046,0.36%
25-Nov-18,3.048,3.048,3.048,3.048,0.07%
23-Nov-18,3.046,3.068,3.076,3.032,-0.61%
22-Nov-18,3.065,3.065,3.065,3.065,0.00%
21-Nov-18,3.065,3.065,3.088,3.061,0.13%
20-Nov-18,3.061,3.063,3.07,3.036,-0.07%
19-Nov-18,3.063,3.057,3.096,3.052,0.18%
18-Nov-18,3.057,3.057,3.057,3.057,-0.25%
16-Nov-18,3.065,3.11,3.123,3.065,-1.45%
15-Nov-18,3.11,3.123,3.136,3.081,-0.54%
14-Nov-18,3.127,3.145,3.165,3.092,-0.48%
13-Nov-18,3.142,3.151,3.176,3.138,-0.28%
12-Nov-18,3.151,3.186,3.186,3.151,-1.11%
09-Nov-18,3.186,3.232,3.236,3.18,-1.64%
08-Nov-18,3.239,3.236,3.243,3.206,0.06%
07-Nov-18,3.237,3.213,3.25,3.176,0.19%
06-Nov-18,3.231,3.208,3.231,3.189,0.94%
05-Nov-18,3.201,3.208,3.212,3.186,-0.29%
04-Nov-18,3.21,3.21,3.21,3.21,-0.30%
02-Nov-18,3.22,3.14,3.224,3.136,2.74%
01-Nov-18,3.134,3.155,3.174,3.13,-0.48%
31-Oct-18,3.149,3.125,3.162,3.123,0.96%
30-Oct-18,3.119,3.087,3.125,3.083,0.97%
29-Oct-18,3.089,3.081,3.117,3.059,0.19%
28-Oct-18,3.083,3.083,3.083,3.083,0.19%
26-Oct-18,3.077,3.109,3.117,3.057,-1.57%
25-Oct-18,3.126,3.102,3.145,3.1,0.48%
24-Oct-18,3.111,3.17,3.17,3.094,-1.89%
23-Oct-18,3.171,3.192,3.194,3.111,-0.91%
22-Oct-18,3.2,3.192,3.209,3.177,0.25%
21-Oct-18,3.192,3.19,3.192,3.19,-0.13%
19-Oct-18,3.196,3.175,3.209,3.169,0.60%
18-Oct-18,3.177,3.207,3.217,3.16,-0.94%
17-Oct-18,3.207,3.169,3.207,3.146,1.39%
16-Oct-18,3.163,3.158,3.178,3.152,0.22%
15-Oct-18,3.156,3.158,3.165,3.142,-0.11%
14-Oct-18,3.159,3.158,3.159,3.156,-0.24%
12-Oct-18,3.167,3.154,3.184,3.131,0.67%
11-Oct-18,3.146,3.163,3.195,3.124,-0.88%
10-Oct-18,3.174,3.214,3.244,3.165,-1.00%
09-Oct-18,3.206,3.231,3.261,3.203,-0.77%
08-Oct-18,3.231,3.237,3.237,3.231,-0.06%
05-Oct-18,3.233,3.193,3.248,3.187,1.44%
04-Oct-18,3.187,3.198,3.232,3.176,0.19%
03-Oct-18,3.181,3.061,3.187,3.05,3.92%
02-Oct-18,3.061,3.087,3.087,3.046,-0.81%
01-Oct-18,3.086,3.067,3.095,3.063,0.57%
30-Sep-18,3.069,3.069,3.069,3.069,0.12%
28-Sep-18,3.065,3.048,3.065,3.026,0.33%
27-Sep-18,3.055,3.054,3.074,3.03,0.23%
26-Sep-18,3.048,3.096,3.098,3.048,-1.61%
25-Sep-18,3.098,3.089,3.113,3.087,0.29%
24-Sep-18,3.089,3.098,3.098,3.065,0.73%
23-Sep-18,3.066,3.066,3.066,3.066,0.00%
21-Sep-18,3.067,3.065,3.085,3.057,0.10%
20-Sep-18,3.064,3.066,3.096,3.059,-0.07%
19-Sep-18,3.066,3.055,3.092,3.044,0.29%
18-Sep-18,3.057,2.979,3.059,2.977,2.10%
17-Sep-18,2.994,2.99,3.022,2.985,-0.18%
16-Sep-18,3,2.961,3,2.959,0.00%
14-Sep-18,2.999,2.974,3.003,2.968,0.84%
13-Sep-18,2.974,2.964,2.983,2.944,0.30%
12-Sep-18,2.965,2.974,2.976,2.955,-0.54%
11-Sep-18,2.981,2.935,2.983,2.935,1.57%
10-Sep-18,2.935,2.944,2.95,2.93,-0.25%
09-Sep-18,2.942,2.941,2.942,2.941,0.12%
07-Sep-18,2.939,2.875,2.95,2.871,2.12%
06-Sep-18,2.878,2.9,2.911,2.871,-0.90%
05-Sep-18,2.904,2.898,2.917,2.884,0.21%
04-Sep-18,2.898,2.86,2.906,2.855,1.25%
03-Sep-18,2.862,2.862,2.862,2.862,0.08%
31-Aug-18,2.86,2.86,2.868,2.831,0.03%
30-Aug-18,2.859,2.88,2.888,2.855,-0.94%
29-Aug-18,2.886,2.878,2.898,2.866,0.07%
28-Aug-18,2.884,2.851,2.888,2.844,1.34%
27-Aug-18,2.846,2.821,2.851,2.815,0.90%
26-Aug-18,2.821,2.822,2.824,2.821,0.27%
24-Aug-18,2.813,2.824,2.85,2.812,-0.53%
23-Aug-18,2.828,2.817,2.832,2.812,0.25%
22-Aug-18,2.821,2.824,2.837,2.808,-0.74%
21-Aug-18,2.842,2.824,2.853,2.819,0.82%
20-Aug-18,2.819,2.866,2.869,2.815,-1.70%
19-Aug-18,2.868,2.866,2.868,2.866,0.13%
17-Aug-18,2.864,2.868,2.877,2.844,-0.21%
16-Aug-18,2.87,2.864,2.893,2.857,0.21%
15-Aug-18,2.864,2.9,2.9,2.837,-1.24%
14-Aug-18,2.9,2.877,2.902,2.877,0.80%
13-Aug-18,2.877,2.866,2.889,2.848,0.45%
12-Aug-18,2.864,2.87,2.871,2.864,-0.31%
10-Aug-18,2.873,2.929,2.931,2.853,-1.91%
09-Aug-18,2.929,2.959,2.964,2.924,-1.18%
08-Aug-18,2.964,2.973,2.986,2.958,-0.44%
07-Aug-18,2.977,2.943,2.979,2.936,1.09%
06-Aug-18,2.945,2.956,2.962,2.925,-0.38%
05-Aug-18,2.956,2.958,2.96,2.956,0.18%
03-Aug-18,2.951,2.993,2.997,2.951,-1.17%
02-Aug-18,2.986,3.003,3.006,2.975,-0.63%
01-Aug-18,3.005,2.958,3.016,2.954,1.45%
31-Jul-18,2.962,2.969,2.977,2.934,-0.44%
30-Jul-18,2.975,2.962,2.99,2.958,0.51%
29-Jul-18,2.96,2.962,2.962,2.96,0.06%
27-Jul-18,2.958,2.976,2.988,2.951,-0.80%
26-Jul-18,2.982,2.974,2.984,2.947,0.30%
25-Jul-18,2.973,2.949,2.976,2.928,0.78%
24-Jul-18,2.95,2.958,2.973,2.945,-0.34%
23-Jul-18,2.96,2.895,2.967,2.882,2.31%
22-Jul-18,2.893,2.897,2.899,2.893,-0.07%
20-Jul-18,2.895,2.847,2.899,2.836,2.01%
19-Jul-18,2.838,2.88,2.897,2.831,-1.29%
18-Jul-18,2.875,2.864,2.882,2.847,0.52%
17-Jul-18,2.86,2.86,2.873,2.847,0.14%
16-Jul-18,2.856,2.823,2.877,2.823,0.96%
15-Jul-18,2.829,2.829,2.829,2.829,0.00%
13-Jul-18,2.829,2.856,2.858,2.827,-0.70%
12-Jul-18,2.849,2.853,2.871,2.845,0.32%
11-Jul-18,2.84,2.838,2.866,2.825,-0.94%
10-Jul-18,2.867,2.862,2.875,2.851,0.31%
09-Jul-18,2.858,2.829,2.862,2.829,1.15%
08-Jul-18,2.825,2.827,2.827,2.825,0.05%
06-Jul-18,2.824,2.831,2.849,2.807,-0.32%
05-Jul-18,2.833,2.842,2.866,2.82,-0.31%
04-Jul-18,2.842,2.842,2.842,2.842,0.31%
03-Jul-18,2.833,2.869,2.884,2.831,-1.32%
02-Jul-18,2.871,2.858,2.873,2.824,0.51%
01-Jul-18,2.856,2.858,2.86,2.856,-0.12%
29-Jun-18,2.86,2.844,2.868,2.833,0.70%
28-Jun-18,2.84,2.833,2.853,2.822,0.46%
27-Jun-18,2.827,2.884,2.886,2.826,-1.74%
26-Jun-18,2.877,2.882,2.9,2.866,-0.17%
25-Jun-18,2.882,2.893,2.897,2.866,-0.32%
24-Jun-18,2.891,2.886,2.891,2.886,-0.13%
22-Jun-18,2.895,2.904,2.928,2.893,-0.14%
21-Jun-18,2.899,2.937,2.95,2.891,-1.29%
20-Jun-18,2.937,2.895,2.941,2.882,1.38%
19-Jun-18,2.897,2.897,2.904,2.853,-0.69%
18-Jun-18,2.917,2.922,2.933,2.9,-0.12%
17-Jun-18,2.921,2.921,2.921,2.921,-0.05%
15-Jun-18,2.922,2.937,2.937,2.889,-0.44%
14-Jun-18,2.935,2.97,2.976,2.928,-1.31%
13-Jun-18,2.974,2.961,3.01,2.95,0.30%
12-Jun-18,2.965,2.957,2.981,2.944,0.44%
11-Jun-18,2.952,2.952,2.97,2.95,0.00%
10-Jun-18,2.952,2.946,2.952,2.944,0.12%
08-Jun-18,2.948,2.941,2.95,2.889,0.89%
07-Jun-18,2.922,2.977,2.994,2.884,-1.75%
06-Jun-18,2.974,2.928,2.981,2.926,1.64%
05-Jun-18,2.926,2.939,2.942,2.9,-0.61%
04-Jun-18,2.944,2.908,2.946,2.902,1.31%
03-Jun-18,2.906,2.9,2.906,2.9,0.13%
01-Jun-18,2.902,2.862,2.926,2.86,1.47%
31-May-18,2.86,2.846,2.886,2.822,0.10%
30-May-18,2.857,2.763,2.888,2.763,2.40%
29-May-18,2.79,2.9,2.908,2.759,-3.74%
28-May-18,2.898,2.931,2.931,2.895,-1.11%
25-May-18,2.931,2.975,2.997,2.922,-1.55%
24-May-18,2.977,3.001,3.014,2.955,-0.57%
23-May-18,2.994,3.058,3.065,2.99,-2.25%
22-May-18,3.063,3.058,3.08,3.05,0.16%
21-May-18,3.058,3.08,3.084,3.054,-0.71%
20-May-18,3.08,3.06,3.08,3.06,0.65%
18-May-18,3.06,3.119,3.128,3.058,-1.77%
17-May-18,3.115,3.098,3.122,3.087,0.35%
16-May-18,3.104,3.07,3.104,3.058,1.04%
15-May-18,3.072,3.004,3.095,2.997,2.33%
14-May-18,3.002,2.975,3.004,2.959,0.91%
13-May-18,2.975,2.97,2.977,2.97,0.17%
11-May-18,2.97,2.966,2.982,2.948,0.20%
10-May-18,2.964,2.995,2.995,2.948,-1.40%
09-May-18,3.006,2.976,3.014,2.976,1.14%
08-May-18,2.972,2.952,2.987,2.944,0.68%
07-May-18,2.952,2.951,2.961,2.937,-0.05%
06-May-18,2.953,2.951,2.957,2.951,0.08%
04-May-18,2.951,2.95,2.965,2.911,0.10%
03-May-18,2.948,2.97,2.978,2.927,-0.94%
02-May-18,2.976,2.968,2.996,2.957,0.27%
01-May-18,2.968,2.959,2.979,2.949,0.44%
30-Apr-18,2.955,2.966,2.972,2.934,-0.13%
29-Apr-18,2.959,2.959,2.959,2.959,0.00%
27-Apr-18,2.959,2.987,2.988,2.955,-0.80%
26-Apr-18,2.983,3.024,3.033,2.981,-1.58%
25-Apr-18,3.031,2.994,3.035,2.99,1.07%
24-Apr-18,2.999,2.975,3.003,2.957,0.74%
23-Apr-18,2.977,2.968,2.998,2.962,0.32%
22-Apr-18,2.968,2.96,2.97,2.96,0.26%
20-Apr-18,2.96,2.917,2.962,2.904,1.61%
19-Apr-18,2.913,2.875,2.934,2.862,1.32%
18-Apr-18,2.875,2.829,2.876,2.823,1.59%
17-Apr-18,2.83,2.832,2.849,2.814,0.04%
16-Apr-18,2.829,2.841,2.865,2.825,-0.50%
15-Apr-18,2.843,2.825,2.845,2.825,0.64%
13-Apr-18,2.825,2.827,2.849,2.816,-0.63%
12-Apr-18,2.843,2.783,2.843,2.772,2.30%
11-Apr-18,2.779,2.803,2.805,2.755,-0.79%
10-Apr-18,2.801,2.783,2.812,2.779,0.72%
09-Apr-18,2.781,2.786,2.814,2.772,-0.19%
08-Apr-18,2.786,2.775,2.788,2.775,0.41%
06-Apr-18,2.775,2.817,2.83,2.768,-2.08%
05-Apr-18,2.834,2.808,2.838,2.805,0.93%
04-Apr-18,2.808,2.773,2.81,2.748,0.97%
03-Apr-18,2.781,2.737,2.79,2.735,1.76%
02-Apr-18,2.733,2.759,2.773,2.717,-1.00%
01-Apr-18,2.761,2.755,2.763,2.755,0.72%
29-Mar-18,2.741,2.784,2.792,2.739,-1.51%
28-Mar-18,2.783,2.781,2.79,2.743,0.29%
27-Mar-18,2.775,2.854,2.859,2.77,-2.70%
26-Mar-18,2.852,2.819,2.856,2.815,1.11%
25-Mar-18,2.821,2.817,2.823,2.817,0.28%
23-Mar-18,2.813,2.806,2.852,2.792,-0.35%
22-Mar-18,2.823,2.881,2.889,2.799,-2.01%
21-Mar-18,2.881,2.89,2.936,2.87,-0.66%
20-Mar-18,2.9,2.855,2.901,2.852,1.54%
19-Mar-18,2.856,2.857,2.879,2.833,0.00%
18-Mar-18,2.855,2.845,2.92,2.845,0.37%
16-Mar-18,2.845,2.83,2.859,2.81,0.67%
15-Mar-18,2.826,2.819,2.835,2.797,0.25%
14-Mar-18,2.819,2.841,2.857,2.801,-0.88%
13-Mar-18,2.844,2.872,2.883,2.83,-0.77%
12-Mar-18,2.866,2.905,2.91,2.863,-1.34%
11-Mar-18,2.905,2.896,2.908,2.896,0.30%
09-Mar-18,2.896,2.872,2.914,2.868,1.37%
08-Mar-18,2.857,2.885,2.892,2.848,-0.83%
07-Mar-18,2.881,2.848,2.888,2.842,-0.17%
06-Mar-18,2.886,2.88,2.906,2.857,0.10%
05-Mar-18,2.883,2.85,2.897,2.81,1.23%
04-Mar-18,2.848,2.85,2.85,2.846,-0.70%
02-Mar-18,2.868,2.819,2.87,2.793,2.03%
01-Mar-18,2.811,2.866,2.875,2.795,-1.85%
28-Feb-18,2.864,2.901,2.912,2.862,-1.28%
27-Feb-18,2.901,2.861,2.925,2.85,1.29%
26-Feb-18,2.864,2.875,2.875,2.831,-0.39%
25-Feb-18,2.875,2.866,2.879,2.866,0.32%
23-Feb-18,2.866,2.926,2.937,2.861,-1.82%
22-Feb-18,2.919,2.946,2.948,2.904,-1.12%
21-Feb-18,2.952,2.891,2.957,2.877,2.11%
20-Feb-18,2.891,2.891,2.928,2.884,0.05%
19-Feb-18,2.889,2.888,2.891,2.888,0.57%
18-Feb-18,2.873,2.873,2.873,2.873,0.00%
16-Feb-18,2.873,2.909,2.911,2.849,-1.14%
15-Feb-18,2.906,2.909,2.944,2.882,-0.24%
14-Feb-18,2.913,2.833,2.92,2.808,2.82%
13-Feb-18,2.833,2.855,2.862,2.822,-0.87%
12-Feb-18,2.858,2.902,2.902,2.828,0.05%
11-Feb-18,2.857,2.857,2.857,2.857,0.00%
09-Feb-18,2.857,2.829,2.864,2.786,1.03%
08-Feb-18,2.828,2.809,2.884,2.808,-0.21%
07-Feb-18,2.834,2.803,2.861,2.758,1.03%
06-Feb-18,2.805,2.73,2.807,2.648,3.54%
05-Feb-18,2.709,2.847,2.885,2.698,-4.78%
04-Feb-18,2.845,2.841,2.849,2.841,0.14%
02-Feb-18,2.841,2.79,2.854,2.783,2.12%
01-Feb-18,2.782,2.724,2.793,2.72,2.58%
31-Jan-18,2.712,2.72,2.754,2.696,-0.44%
30-Jan-18,2.724,2.703,2.733,2.681,0.93%
29-Jan-18,2.699,2.658,2.727,2.654,1.54%
28-Jan-18,2.658,2.662,2.662,2.658,-0.07%
26-Jan-18,2.66,2.622,2.673,2.621,1.37%
25-Jan-18,2.624,2.65,2.676,2.615,-0.91%
24-Jan-18,2.648,2.611,2.665,2.609,1.18%
23-Jan-18,2.617,2.656,2.659,2.611,-1.47%
22-Jan-18,2.656,2.661,2.672,2.632,-0.26%
21-Jan-18,2.663,2.661,2.665,2.659,0.07%
19-Jan-18,2.661,2.624,2.663,2.613,1.41%
18-Jan-18,2.624,2.59,2.627,2.585,1.43%
17-Jan-18,2.587,2.533,2.592,2.532,1.89%
16-Jan-18,2.539,2.553,2.563,2.522,-0.50%
15-Jan-18,2.552,2.55,2.552,2.55,0.07%
12-Jan-18,2.55,2.549,2.594,2.542,0.51%
11-Jan-18,2.537,2.553,2.57,2.526,-0.86%
10-Jan-18,2.559,2.551,2.597,2.544,0.31%
09-Jan-18,2.551,2.482,2.555,2.48,2.86%
08-Jan-18,2.48,2.48,2.489,2.462,0.15%
07-Jan-18,2.476,2.476,2.476,2.476,0.00%
05-Jan-18,2.476,2.458,2.48,2.433,0.94%
04-Jan-18,2.453,2.458,2.487,2.449,0.33%
03-Jan-18,2.445,2.465,2.472,2.44,-0.69%
02-Jan-18,2.462,2.429,2.481,2.416,2.35%
01-Jan-18,2.405,2.405,2.405,2.405,0.00%
29-Dec-17,2.405,2.434,2.441,2.405,-1.19%
28-Dec-17,2.434,2.421,2.441,2.42,0.87%
27-Dec-17,2.413,2.477,2.479,2.407,-2.47%
26-Dec-17,2.474,2.492,2.497,2.459,-0.72%
25-Dec-17,2.492,2.488,2.496,2.488,0.28%
22-Dec-17,2.485,2.484,2.492,2.477,0.04%
21-Dec-17,2.484,2.493,2.504,2.479,-0.52%
20-Dec-17,2.497,2.457,2.503,2.446,1.55%
19-Dec-17,2.459,2.398,2.472,2.389,2.72%
18-Dec-17,2.394,2.369,2.398,2.364,1.06%
17-Dec-17,2.369,2.362,2.369,2.362,0.76%
16-Dec-17,2.351,2.351,2.351,2.351,0.00%
15-Dec-17,2.351,2.353,2.38,2.346,0.09%
14-Dec-17,2.349,2.353,2.389,2.344,0.04%
13-Dec-17,2.348,2.399,2.426,2.344,-2.29%
12-Dec-17,2.403,2.388,2.421,2.376,0.54%
11-Dec-17,2.39,2.383,2.39,2.353,0.21%
10-Dec-17,2.385,2.378,2.387,2.378,0.29%
08-Dec-17,2.378,2.374,2.392,2.362,0.68%
07-Dec-17,2.362,2.34,2.376,2.322,0.94%
06-Dec-17,2.34,2.356,2.363,2.314,-0.55%
05-Dec-17,2.353,2.378,2.395,2.353,-0.80%
04-Dec-17,2.372,2.421,2.421,2.371,-2.00%
03-Dec-17,2.421,2.412,2.421,2.41,2.43%
01-Dec-17,2.363,2.411,2.424,2.315,-2.15%
30-Nov-17,2.415,2.386,2.437,2.379,1.13%
29-Nov-17,2.388,2.331,2.395,2.321,2.67%
28-Nov-17,2.326,2.331,2.342,2.31,-0.21%
27-Nov-17,2.331,2.342,2.354,2.324,-0.46%
26-Nov-17,2.342,2.345,2.345,2.342,0.08%
24-Nov-17,2.34,2.326,2.352,2.324,0.61%
23-Nov-17,2.326,2.326,2.328,2.324,0.21%
22-Nov-17,2.321,2.352,2.375,2.319,-1.57%
21-Nov-17,2.358,2.359,2.374,2.335,-0.42%
20-Nov-17,2.368,2.34,2.372,2.324,1.27%
19-Nov-17,2.338,2.335,2.34,2.335,-0.29%
17-Nov-17,2.345,2.374,2.377,2.336,-1.26%
16-Nov-17,2.375,2.324,2.379,2.322,2.11%
15-Nov-17,2.326,2.374,2.375,2.319,-2.06%
14-Nov-17,2.375,2.402,2.414,2.372,-1.33%
13-Nov-17,2.407,2.4,2.411,2.37,0.36%
12-Nov-17,2.398,2.402,2.402,2.397,-0.15%
10-Nov-17,2.402,2.34,2.405,2.336,2.65%
09-Nov-17,2.34,2.326,2.345,2.315,0.26%
08-Nov-17,2.334,2.304,2.336,2.304,0.78%
07-Nov-17,2.316,2.32,2.34,2.304,-0.09%
06-Nov-17,2.318,2.345,2.354,2.315,-1.08%
05-Nov-17,2.343,2.332,2.343,2.332,0.44%
03-Nov-17,2.333,2.349,2.361,2.323,-0.68%
02-Nov-17,2.349,2.37,2.379,2.336,-0.97%
01-Nov-17,2.372,2.379,2.401,2.349,-0.21%
31-Oct-17,2.377,2.363,2.385,2.358,0.30%
30-Oct-17,2.37,2.403,2.414,2.367,-1.44%
29-Oct-17,2.405,2.415,2.415,2.405,-0.47%
27-Oct-17,2.416,2.455,2.477,2.408,-1.91%
26-Oct-17,2.463,2.428,2.463,2.408,1.15%
25-Oct-17,2.435,2.417,2.475,2.414,0.58%
24-Oct-17,2.421,2.368,2.428,2.365,2.15%
23-Oct-17,2.37,2.394,2.397,2.363,-0.98%
22-Oct-17,2.394,2.383,2.395,2.383,0.44%
20-Oct-17,2.383,2.318,2.392,2.316,2.80%
19-Oct-17,2.318,2.343,2.346,2.298,-1.15%
18-Oct-17,2.345,2.302,2.352,2.298,1.87%
17-Oct-17,2.302,2.302,2.329,2.296,-0.13%
16-Oct-17,2.305,2.289,2.312,2.278,0.69%
15-Oct-17,2.289,2.275,2.291,2.275,0.62%
13-Oct-17,2.275,2.325,2.334,2.273,-1.98%
12-Oct-17,2.321,2.346,2.348,2.318,-1.36%
11-Oct-17,2.353,2.357,2.366,2.332,-0.08%
10-Oct-17,2.355,2.362,2.372,2.319,-0.24%
09-Oct-17,2.361,2.361,2.364,2.361,0.00%
06-Oct-17,2.361,2.35,2.402,2.348,0.55%
05-Oct-17,2.348,2.332,2.359,2.319,1.08%
04-Oct-17,2.323,2.328,2.348,2.3,-0.09%
03-Oct-17,2.325,2.343,2.364,2.321,-0.68%
02-Oct-17,2.341,2.344,2.371,2.318,-0.06%
01-Oct-17,2.342,2.339,2.344,2.339,0.15%
29-Sep-17,2.339,2.314,2.341,2.296,1.34%
28-Sep-17,2.308,2.307,2.359,2.301,-0.09%
27-Sep-17,2.31,2.239,2.316,2.237,3.31%
26-Sep-17,2.236,2.222,2.248,2.214,0.63%
25-Sep-17,2.222,2.26,2.262,2.214,-1.78%
24-Sep-17,2.262,2.257,2.264,2.257,0.41%
22-Sep-17,2.253,2.275,2.276,2.239,-1.10%
21-Sep-17,2.278,2.278,2.282,2.245,0.22%
20-Sep-17,2.273,2.241,2.289,2.222,1.20%
19-Sep-17,2.246,2.227,2.246,2.213,0.54%
18-Sep-17,2.234,2.207,2.237,2.207,1.44%
17-Sep-17,2.202,2.202,2.202,2.202,0.00%
15-Sep-17,2.202,2.178,2.213,2.176,0.69%
14-Sep-17,2.187,2.187,2.225,2.183,-0.27%
13-Sep-17,2.193,2.165,2.201,2.153,1.20%
12-Sep-17,2.167,2.127,2.18,2.125,1.55%
11-Sep-17,2.134,2.089,2.138,2.084,2.16%
10-Sep-17,2.089,2.054,2.091,2.054,1.69%
08-Sep-17,2.054,2.044,2.075,2.016,0.59%
07-Sep-17,2.042,2.101,2.101,2.034,-3.04%
06-Sep-17,2.106,2.06,2.11,2.054,2.08%
05-Sep-17,2.063,2.134,2.148,2.061,-4.74%
03-Sep-17,2.166,2.166,2.166,2.166,0.00%
01-Sep-17,2.166,2.127,2.169,2.099,2.17%
31-Aug-17,2.12,2.143,2.154,2.119,-0.75%
30-Aug-17,2.136,2.135,2.155,2.131,0.33%
29-Aug-17,2.129,2.128,2.143,2.086,-1.39%
28-Aug-17,2.159,2.176,2.18,2.155,-0.72%
27-Aug-17,2.175,2.175,2.176,2.175,0.26%
25-Aug-17,2.169,2.194,2.203,2.162,-1.23%
24-Aug-17,2.196,2.175,2.197,2.173,1.24%
23-Aug-17,2.169,2.218,2.224,2.166,-2.17%
22-Aug-17,2.217,2.189,2.22,2.187,1.56%
21-Aug-17,2.183,2.208,2.208,2.177,-1.21%
20-Aug-17,2.21,2.197,2.21,2.197,0.58%
18-Aug-17,2.197,2.194,2.211,2.162,0.55%
17-Aug-17,2.185,2.229,2.247,2.182,-1.80%
16-Aug-17,2.225,2.269,2.285,2.22,-2.11%
15-Aug-17,2.273,2.227,2.283,2.226,2.20%
14-Aug-17,2.224,2.197,2.229,2.197,1.12%
13-Aug-17,2.199,2.191,2.201,2.191,0.38%
11-Aug-17,2.191,2.201,2.222,2.182,-0.45%
10-Aug-17,2.201,2.25,2.255,2.197,-2.13%
09-Aug-17,2.249,2.253,2.258,2.212,-0.57%
08-Aug-17,2.262,2.257,2.29,2.253,0.22%
07-Aug-17,2.257,2.271,2.283,2.253,-0.69%
06-Aug-17,2.273,2.264,2.273,2.264,0.38%
04-Aug-17,2.264,2.225,2.29,2.219,2.03%
03-Aug-17,2.219,2.267,2.269,2.218,-2.29%
02-Aug-17,2.271,2.259,2.283,2.243,0.80%
01-Aug-17,2.253,2.303,2.321,2.251,-1.87%
31-Jul-17,2.296,2.282,2.305,2.273,0.63%
30-Jul-17,2.282,2.291,2.291,2.282,-0.41%
28-Jul-17,2.291,2.303,2.337,2.287,-1.21%
27-Jul-17,2.319,2.284,2.328,2.275,1.18%
26-Jul-17,2.292,2.335,2.337,2.278,-1.72%
25-Jul-17,2.332,2.259,2.337,2.248,3.32%
24-Jul-17,2.257,2.23,2.261,2.229,1.11%
23-Jul-17,2.232,2.237,2.237,2.23,-0.21%
21-Jul-17,2.237,2.266,2.27,2.225,-0.89%
20-Jul-17,2.257,2.268,2.275,2.238,-0.62%
19-Jul-17,2.271,2.268,2.282,2.255,0.44%
18-Jul-17,2.261,2.312,2.316,2.257,-2.29%
17-Jul-17,2.314,2.328,2.335,2.3,-0.77%
16-Jul-17,2.332,2.332,2.332,2.332,0.00%
14-Jul-17,2.332,2.352,2.357,2.279,-0.68%
13-Jul-17,2.348,2.321,2.366,2.305,1.21%
12-Jul-17,2.32,2.359,2.359,2.302,-1.74%
11-Jul-17,2.361,2.38,2.395,2.355,-0.51%
10-Jul-17,2.373,2.387,2.393,2.362,-0.53%
09-Jul-17,2.386,2.387,2.389,2.386,0.00%
07-Jul-17,2.386,2.371,2.398,2.362,0.76%
06-Jul-17,2.368,2.332,2.391,2.32,1.76%
05-Jul-17,2.327,2.336,2.357,2.321,-0.29%
04-Jul-17,2.334,2.337,2.337,2.334,-0.60%
03-Jul-17,2.348,2.314,2.353,2.289,1.38%
02-Jul-17,2.316,2.304,2.318,2.304,0.54%
01-Jul-17,2.304,2.304,2.304,2.304,0.00%
30-Jun-17,2.304,2.268,2.309,2.261,1.63%
29-Jun-17,2.267,2.226,2.297,2.221,1.84%
28-Jun-17,2.226,2.2,2.258,2.195,1.04%
27-Jun-17,2.203,2.142,2.216,2.126,3.19%
26-Jun-17,2.135,2.144,2.161,2.121,-0.50%
25-Jun-17,2.146,2.144,2.146,2.144,0.08%
23-Jun-17,2.144,2.151,2.167,2.142,-0.19%
22-Jun-17,2.148,2.162,2.167,2.139,-0.79%
21-Jun-17,2.165,2.164,2.177,2.144,0.42%
20-Jun-17,2.156,2.195,2.197,2.151,-1.60%
19-Jun-17,2.191,2.158,2.193,2.139,1.60%
18-Jun-17,2.157,2.155,2.157,2.155,0.17%
16-Jun-17,2.153,2.167,2.179,2.144,-0.51%
15-Jun-17,2.164,2.125,2.172,2.125,1.74%
14-Jun-17,2.127,2.211,2.211,2.103,-3.80%
13-Jun-17,2.211,2.218,2.227,2.2,-0.18%
12-Jun-17,2.215,2.213,2.223,2.187,0.18%
11-Jun-17,2.211,2.202,2.213,2.202,0.41%
09-Jun-17,2.202,2.174,2.228,2.166,0.46%
08-Jun-17,2.192,2.185,2.215,2.178,0.74%
07-Jun-17,2.176,2.154,2.183,2.145,1.45%
06-Jun-17,2.145,2.18,2.18,2.129,-1.74%
05-Jun-17,2.183,2.161,2.189,2.154,1.11%
04-Jun-17,2.159,2.154,2.161,2.154,0.00%
02-Jun-17,2.159,2.217,2.224,2.144,-2.44%
01-Jun-17,2.213,2.213,2.239,2.208,0.32%
31-May-17,2.206,2.22,2.232,2.196,-0.09%
30-May-17,2.208,2.245,2.248,2.208,-1.56%
29-May-17,2.243,2.243,2.247,2.241,-0.31%
26-May-17,2.25,2.255,2.255,2.231,-0.22%
25-May-17,2.255,2.257,2.269,2.243,0.13%
24-May-17,2.252,2.283,2.297,2.248,-1.31%
23-May-17,2.282,2.234,2.29,2.226,1.33%
22-May-17,2.252,2.245,2.256,2.238,0.23%
21-May-17,2.247,2.245,2.247,2.243,0.53%
19-May-17,2.235,2.231,2.261,2.224,0.31%
18-May-17,2.228,2.236,2.25,2.181,0.22%
17-May-17,2.223,2.298,2.306,2.212,-4.43%
16-May-17,2.326,2.34,2.361,2.306,-0.73%
15-May-17,2.343,2.326,2.352,2.32,0.82%
14-May-17,2.324,2.326,2.326,2.322,-0.09%
12-May-17,2.326,2.389,2.393,2.322,-2.80%
11-May-17,2.393,2.4,2.423,2.389,-0.71%
10-May-17,2.41,2.39,2.416,2.369,0.50%
09-May-17,2.398,2.389,2.416,2.378,0.38%
08-May-17,2.389,2.361,2.39,2.327,1.25%
07-May-17,2.36,2.351,2.361,2.351,0.41%
05-May-17,2.35,2.343,2.381,2.338,-0.09%
04-May-17,2.352,2.325,2.368,2.325,1.29%
03-May-17,2.322,2.293,2.327,2.279,1.53%
02-May-17,2.287,2.32,2.34,2.282,-1.51%
01-May-17,2.322,2.282,2.338,2.28,1.83%
30-Apr-17,2.28,2.289,2.289,2.275,-0.38%
28-Apr-17,2.289,2.295,2.338,2.279,-0.48%
27-Apr-17,2.3,2.313,2.322,2.282,-0.17%
26-Apr-17,2.304,2.334,2.35,2.302,-1.29%
25-Apr-17,2.334,2.27,2.343,2.27,2.68%
24-Apr-17,2.273,2.314,2.325,2.266,1.19%
22-Apr-17,2.246,2.246,2.246,2.246,0.00%
21-Apr-17,2.246,2.243,2.25,2.209,0.45%
20-Apr-17,2.236,2.207,2.257,2.198,0.90%
19-Apr-17,2.216,2.182,2.225,2.175,2.03%
18-Apr-17,2.172,2.255,2.259,2.165,-3.38%
17-Apr-17,2.248,2.2,2.26,2.198,2.26%
16-Apr-17,2.198,2.2,2.2,2.197,-1.51%
13-Apr-17,2.232,2.248,2.271,2.218,-0.53%
12-Apr-17,2.244,2.3,2.31,2.239,-2.35%
11-Apr-17,2.298,2.353,2.357,2.293,-2.87%
10-Apr-17,2.366,2.384,2.395,2.346,-0.68%
09-Apr-17,2.382,2.384,2.386,2.38,0.00%
07-Apr-17,2.382,2.348,2.386,2.269,1.75%
06-Apr-17,2.341,2.332,2.368,2.326,0.09%
05-Apr-17,2.339,2.361,2.384,2.325,-1.06%
04-Apr-17,2.364,2.326,2.364,2.314,1.76%
03-Apr-17,2.323,2.396,2.405,2.321,-2.99%
02-Apr-17,2.395,2.396,2.398,2.395,0.23%
31-Mar-17,2.389,2.414,2.431,2.387,-1.32%
30-Mar-17,2.421,2.385,2.425,2.373,1.72%
29-Mar-17,2.38,2.425,2.427,2.378,-1.65%
28-Mar-17,2.42,2.382,2.421,2.357,1.77%
27-Mar-17,2.378,2.382,2.384,2.348,-0.23%
26-Mar-17,2.384,2.418,2.418,2.378,-1.42%
24-Mar-17,2.418,2.418,2.438,2.393,0.00%
23-Mar-17,2.418,2.409,2.437,2.387,0.62%
22-Mar-17,2.403,2.414,2.425,2.375,-0.54%
21-Mar-17,2.416,2.466,2.499,2.416,-1.91%
20-Mar-17,2.463,2.508,2.513,2.463,-1.50%
19-Mar-17,2.5,2.5,2.5,2.5,0.00%
18-Mar-17,2.5,2.5,2.5,2.5,0.00%
17-Mar-17,2.501,2.544,2.544,2.49,-1.42%
16-Mar-17,2.537,2.497,2.542,2.486,1.48%
15-Mar-17,2.5,2.598,2.6,2.495,-3.92%
14-Mar-17,2.602,2.62,2.629,2.588,-0.91%
13-Mar-17,2.626,2.584,2.628,2.558,1.71%
12-Mar-17,2.582,2.575,2.586,2.575,0.26%
10-Mar-17,2.575,2.613,2.624,2.575,-1.30%
09-Mar-17,2.609,2.56,2.609,2.558,1.91%
08-Mar-17,2.56,2.52,2.583,2.507,1.67%
07-Mar-17,2.518,2.494,2.52,2.491,0.96%
06-Mar-17,2.494,2.474,2.507,2.457,0.72%
05-Mar-17,2.476,2.48,2.482,2.476,-0.23%
03-Mar-17,2.482,2.483,2.521,2.471,0.00%
02-Mar-17,2.482,2.467,2.505,2.453,0.98%
01-Mar-17,2.458,2.415,2.471,2.397,2.54%
28-Feb-17,2.397,2.363,2.401,2.336,1.27%
27-Feb-17,2.367,2.324,2.37,2.317,1.92%
26-Feb-17,2.322,2.321,2.322,2.317,0.32%
24-Feb-17,2.315,2.377,2.384,2.31,-2.57%
23-Feb-17,2.376,2.417,2.42,2.372,-1.61%
22-Feb-17,2.415,2.438,2.454,2.391,-0.66%
21-Feb-17,2.431,2.436,2.461,2.413,-0.21%
20-Feb-17,2.436,2.42,2.438,2.42,0.67%
17-Feb-17,2.42,2.457,2.465,2.4,-1.10%
16-Feb-17,2.447,2.499,2.499,2.438,-2.00%
15-Feb-17,2.497,2.479,2.524,2.466,1.01%
14-Feb-17,2.472,2.436,2.502,2.427,1.48%
13-Feb-17,2.436,2.423,2.452,2.416,0.45%
12-Feb-17,2.425,2.409,2.429,2.409,0.67%
10-Feb-17,2.409,2.4,2.434,2.397,0.50%
09-Feb-17,2.397,2.329,2.402,2.326,2.44%
08-Feb-17,2.34,2.397,2.402,2.325,-2.38%
07-Feb-17,2.397,2.409,2.441,2.367,-0.83%
06-Feb-17,2.417,2.472,2.472,2.406,-2.23%
05-Feb-17,2.472,2.467,2.478,2.467,0.21%
03-Feb-17,2.467,2.477,2.506,2.428,-0.28%
02-Feb-17,2.474,2.477,2.481,2.433,-0.12%
01-Feb-17,2.477,2.461,2.518,2.459,0.45%
31-Jan-17,2.466,2.484,2.499,2.433,-0.96%
30-Jan-17,2.49,2.479,2.499,2.462,0.45%
29-Jan-17,2.479,2.486,2.486,2.473,-0.29%
27-Jan-17,2.486,2.51,2.531,2.481,-1.04%
26-Jan-17,2.512,2.51,2.555,2.5,-0.12%
25-Jan-17,2.515,2.458,2.538,2.449,2.03%
24-Jan-17,2.465,2.406,2.473,2.388,2.67%
23-Jan-17,2.401,2.441,2.476,2.381,-1.57%
22-Jan-17,2.439,2.467,2.467,2.439,-1.13%
20-Jan-17,2.467,2.474,2.513,2.45,-0.12%
19-Jan-17,2.47,2.428,2.496,2.413,1.73%
18-Jan-17,2.428,2.333,2.433,2.329,4.43%
17-Jan-17,2.325,2.376,2.376,2.305,-2.23%
16-Jan-17,2.378,2.398,2.398,2.374,-0.83%
13-Jan-17,2.398,2.363,2.431,2.334,1.57%
12-Jan-17,2.361,2.361,2.365,2.307,-0.38%
11-Jan-17,2.37,2.381,2.398,2.329,-0.29%
10-Jan-17,2.377,2.37,2.394,2.361,0.38%
09-Jan-17,2.368,2.443,2.443,2.363,-2.20%
08-Jan-17,2.421,2.421,2.421,2.421,0.00%
06-Jan-17,2.421,2.35,2.425,2.334,3.11%
05-Jan-17,2.348,2.435,2.452,2.344,-3.81%
04-Jan-17,2.441,2.454,2.478,2.432,-0.29%
03-Jan-17,2.448,2.439,2.518,2.437,0.07%
02-Jan-17,2.446,2.446,2.446,2.446,0.00%
30-Dec-16,2.446,2.477,2.488,2.431,-1.25%
29-Dec-16,2.477,2.512,2.512,2.46,-1.39%
28-Dec-16,2.512,2.565,2.567,2.503,-1.91%
27-Dec-16,2.561,2.554,2.576,2.547,0.72%
26-Dec-16,2.543,2.543,2.543,2.543,0.00%
23-Dec-16,2.543,2.556,2.558,2.526,-0.39%
22-Dec-16,2.553,2.535,2.577,2.527,0.59%
21-Dec-16,2.538,2.566,2.577,2.537,-0.90%
20-Dec-16,2.561,2.54,2.59,2.538,0.67%
19-Dec-16,2.544,2.582,2.595,2.529,-1.49%
18-Dec-16,2.582,2.584,2.584,2.58,-0.64%
16-Dec-16,2.599,2.6,2.619,2.553,-0.27%
15-Dec-16,2.606,2.58,2.641,2.565,1.52%
14-Dec-16,2.567,2.471,2.586,2.422,3.80%
13-Dec-16,2.473,2.468,2.495,2.438,-0.16%
12-Dec-16,2.477,2.489,2.528,2.466,-0.43%
11-Dec-16,2.488,2.466,2.493,2.466,0.88%
09-Dec-16,2.466,2.412,2.478,2.397,2.37%
08-Dec-16,2.409,2.345,2.427,2.34,2.77%
07-Dec-16,2.344,2.396,2.401,2.342,-2.01%
06-Dec-16,2.392,2.398,2.403,2.374,-0.37%
05-Dec-16,2.401,2.363,2.448,2.34,1.52%
04-Dec-16,2.365,2.354,2.376,2.352,-1.13%
02-Dec-16,2.392,2.437,2.448,2.374,-2.53%
01-Dec-16,2.454,2.397,2.492,2.377,2.68%
30-Nov-16,2.39,2.295,2.41,2.291,4.23%
29-Nov-16,2.293,2.312,2.35,2.291,-0.82%
28-Nov-16,2.312,2.339,2.352,2.311,-1.24%
27-Nov-16,2.341,2.359,2.359,2.337,-0.76%
25-Nov-16,2.359,2.382,2.413,2.35,-0.97%
24-Nov-16,2.382,2.382,2.386,2.382,1.15%
23-Nov-16,2.355,2.312,2.417,2.292,1.77%
22-Nov-16,2.314,2.303,2.337,2.287,0.00%
21-Nov-16,2.314,2.353,2.357,2.303,-1.66%
20-Nov-16,2.353,2.348,2.36,2.348,0.21%
18-Nov-16,2.348,2.322,2.364,2.267,2.22%
17-Nov-16,2.297,2.205,2.306,2.187,3.75%
16-Nov-16,2.214,2.226,2.297,2.205,-0.67%
15-Nov-16,2.229,2.251,2.251,2.182,-1.11%
14-Nov-16,2.254,2.171,2.302,2.168,3.73%
13-Nov-16,2.173,2.178,2.182,2.173,1.63%
10-Nov-16,2.138,2.042,2.154,1.991,3.38%
09-Nov-16,2.068,1.858,2.092,1.716,11.30%
08-Nov-16,1.858,1.826,1.876,1.807,1.64%
07-Nov-16,1.828,1.831,1.833,1.808,-0.09%
06-Nov-16,1.83,1.83,1.833,1.826,2.90%
04-Nov-16,1.778,1.806,1.822,1.769,-1.77%
03-Nov-16,1.81,1.804,1.833,1.776,0.50%
02-Nov-16,1.801,1.829,1.829,1.774,-1.42%
01-Nov-16,1.827,1.838,1.879,1.811,0.11%
31-Oct-16,1.825,1.84,1.854,1.826,-0.89%
30-Oct-16,1.841,1.849,1.849,1.84,-0.41%
28-Oct-16,1.849,1.854,1.879,1.832,-0.05%
27-Oct-16,1.85,1.797,1.87,1.791,3.29%
26-Oct-16,1.791,1.754,1.797,1.742,1.88%
25-Oct-16,1.758,1.766,1.788,1.742,-0.45%
24-Oct-16,1.766,1.742,1.775,1.724,1.49%
23-Oct-16,1.74,1.74,1.74,1.74,0.23%
21-Oct-16,1.736,1.761,1.761,1.731,-1.14%
20-Oct-16,1.756,1.75,1.768,1.724,0.52%
19-Oct-16,1.747,1.745,1.77,1.729,0.40%
18-Oct-16,1.74,1.771,1.787,1.74,-1.58%
17-Oct-16,1.768,1.789,1.814,1.757,-1.17%
16-Oct-16,1.789,1.805,1.805,1.787,-0.88%
15-Oct-16,1.805,1.805,1.805,1.805,0.00%
14-Oct-16,1.805,1.752,1.805,1.75,3.38%
13-Oct-16,1.746,1.767,1.769,1.727,-1.41%
12-Oct-16,1.771,1.769,1.801,1.764,0.23%
11-Oct-16,1.767,1.767,1.781,1.745,0.08%
10-Oct-16,1.765,1.723,1.765,1.723,2.47%
07-Oct-16,1.723,1.732,1.771,1.718,-0.92%
06-Oct-16,1.739,1.709,1.746,1.692,1.93%
05-Oct-16,1.706,1.685,1.73,1.669,0.95%
04-Oct-16,1.69,1.629,1.692,1.612,3.87%
03-Oct-16,1.627,1.6,1.629,1.593,1.71%
02-Oct-16,1.6,1.598,1.605,1.598,0.10%
30-Sep-16,1.598,1.553,1.617,1.536,2.57%
29-Sep-16,1.558,1.586,1.601,1.543,-0.89%
28-Sep-16,1.572,1.558,1.581,1.543,0.77%
27-Sep-16,1.56,1.589,1.606,1.546,-1.52%
26-Sep-16,1.584,1.617,1.62,1.574,-1.91%
25-Sep-16,1.615,1.62,1.62,1.615,-0.32%
24-Sep-16,1.62,1.62,1.62,1.62,0.00%
23-Sep-16,1.62,1.623,1.632,1.606,0.12%
22-Sep-16,1.618,1.649,1.656,1.608,-2.24%
21-Sep-16,1.655,1.689,1.738,1.653,-2.24%
20-Sep-16,1.693,1.708,1.71,1.667,-0.82%
19-Sep-16,1.707,1.693,1.714,1.679,0.75%
18-Sep-16,1.694,1.694,1.694,1.694,0.00%
17-Sep-16,1.694,1.694,1.694,1.694,0.00%
16-Sep-16,1.694,1.689,1.703,1.66,-0.24%
15-Sep-16,1.698,1.696,1.736,1.665,0.00%
14-Sep-16,1.698,1.725,1.743,1.682,-1.79%
13-Sep-16,1.729,1.661,1.752,1.637,3.78%
12-Sep-16,1.666,1.668,1.697,1.659,-0.23%
11-Sep-16,1.67,1.675,1.675,1.67,-0.31%
09-Sep-16,1.675,1.602,1.678,1.594,4.62%
08-Sep-16,1.601,1.541,1.62,1.529,4.23%
07-Sep-16,1.536,1.541,1.549,1.519,0.00%
06-Sep-16,1.536,1.609,1.62,1.534,-4.55%
05-Sep-16,1.609,1.607,1.611,1.607,0.14%
02-Sep-16,1.607,1.571,1.623,1.543,2.49%
01-Sep-16,1.568,1.58,1.619,1.556,-0.63%
31-Aug-16,1.578,1.57,1.585,1.554,0.51%
30-Aug-16,1.57,1.573,1.592,1.561,0.45%
29-Aug-16,1.563,1.626,1.626,1.559,-3.89%
28-Aug-16,1.626,1.63,1.631,1.624,-0.11%
26-Aug-16,1.628,1.571,1.635,1.531,3.17%
25-Aug-16,1.578,1.564,1.583,1.548,0.96%
24-Aug-16,1.563,1.556,1.57,1.542,1.10%
23-Aug-16,1.546,1.551,1.571,1.527,0.13%
22-Aug-16,1.544,1.597,1.6,1.536,-3.31%
21-Aug-16,1.597,1.597,1.599,1.595,1.07%
19-Aug-16,1.58,1.546,1.594,1.536,3.00%
18-Aug-16,1.534,1.539,1.566,1.525,-0.97%
17-Aug-16,1.549,1.568,1.588,1.537,-1.65%
16-Aug-16,1.575,1.554,1.587,1.515,1.09%
15-Aug-16,1.558,1.512,1.561,1.498,3.06%
14-Aug-16,1.512,1.51,1.512,1.508,0.11%
13-Aug-16,1.51,1.51,1.51,1.51,0.00%
12-Aug-16,1.51,1.559,1.563,1.48,-3.27%
11-Aug-16,1.561,1.505,1.576,1.503,3.17%
10-Aug-16,1.513,1.545,1.545,1.501,-2.32%
09-Aug-16,1.549,1.59,1.597,1.535,-2.70%
08-Aug-16,1.592,1.595,1.616,1.571,-0.21%
07-Aug-16,1.595,1.599,1.599,1.595,0.33%
06-Aug-16,1.59,1.59,1.59,1.59,0.00%
05-Aug-16,1.59,1.501,1.592,1.487,5.86%
04-Aug-16,1.502,1.544,1.556,1.484,-2.78%
03-Aug-16,1.545,1.559,1.571,1.53,-0.58%
02-Aug-16,1.554,1.52,1.573,1.511,2.24%
01-Aug-16,1.52,1.463,1.527,1.463,3.87%
31-Jul-16,1.463,1.45,1.463,1.45,0.92%
29-Jul-16,1.45,1.501,1.564,1.45,-3.85%
28-Jul-16,1.508,1.504,1.535,1.492,0.33%
27-Jul-16,1.503,1.563,1.59,1.498,-3.84%
26-Jul-16,1.563,1.568,1.589,1.537,-0.76%
25-Jul-16,1.575,1.571,1.592,1.554,0.12%
24-Jul-16,1.573,1.566,1.577,1.566,0.45%
22-Jul-16,1.566,1.549,1.601,1.537,0.64%
21-Jul-16,1.556,1.58,1.628,1.554,-1.52%
20-Jul-16,1.58,1.559,1.596,1.546,1.41%
19-Jul-16,1.558,1.573,1.575,1.537,-1.52%
18-Jul-16,1.582,1.575,1.604,1.556,1.55%
17-Jul-16,1.558,1.558,1.558,1.558,0.00%
15-Jul-16,1.558,1.52,1.601,1.517,1.37%
14-Jul-16,1.537,1.471,1.551,1.466,4.34%
13-Jul-16,1.473,1.508,1.508,1.459,-2.26%
12-Jul-16,1.507,1.425,1.531,1.422,5.38%
11-Jul-16,1.43,1.366,1.435,1.358,4.66%
10-Jul-16,1.366,1.358,1.366,1.358,0.61%
08-Jul-16,1.358,1.39,1.442,1.346,-1.95%
07-Jul-16,1.385,1.37,1.422,1.355,0.87%
06-Jul-16,1.373,1.367,1.395,1.321,-0.15%
05-Jul-16,1.375,1.439,1.441,1.357,-4.57%
04-Jul-16,1.441,1.456,1.456,1.439,-1.04%
01-Jul-16,1.456,1.471,1.473,1.382,-1.29%
30-Jun-16,1.475,1.512,1.546,1.453,-2.77%
29-Jun-16,1.517,1.465,1.519,1.454,3.55%
28-Jun-16,1.465,1.439,1.483,1.428,1.45%
27-Jun-16,1.444,1.507,1.526,1.436,-4.29%
26-Jun-16,1.509,1.514,1.516,1.5,-3.41%
24-Jun-16,1.562,1.682,1.704,1.406,-10.44%
23-Jun-16,1.744,1.702,1.749,1.694,3.38%
22-Jun-16,1.687,1.697,1.711,1.68,-1.29%
21-Jun-16,1.709,1.671,1.711,1.661,1.85%
20-Jun-16,1.678,1.656,1.69,1.642,1.34%
19-Jun-16,1.656,1.654,1.658,1.652,2.78%
17-Jun-16,1.611,1.589,1.622,1.582,2.03%
16-Jun-16,1.579,1.57,1.581,1.518,0.25%
15-Jun-16,1.575,1.613,1.637,1.572,-2.36%
14-Jun-16,1.613,1.611,1.625,1.567,0.00%
13-Jun-16,1.613,1.625,1.64,1.608,-0.63%
12-Jun-16,1.623,1.644,1.644,1.622,-1.27%
10-Jun-16,1.644,1.68,1.683,1.627,-2.26%
09-Jun-16,1.682,1.704,1.709,1.659,-1.29%
08-Jun-16,1.704,1.719,1.721,1.697,-0.70%
07-Jun-16,1.716,1.733,1.744,1.704,-1.21%
06-Jun-16,1.737,1.704,1.742,1.704,1.84%
05-Jun-16,1.706,1.699,1.706,1.697,0.21%
03-Jun-16,1.702,1.808,1.813,1.697,-5.39%
02-Jun-16,1.799,1.837,1.841,1.796,-2.18%
01-Jun-16,1.839,1.844,1.856,1.804,-0.65%
31-May-16,1.851,1.86,1.89,1.83,-0.56%
30-May-16,1.862,1.851,1.865,1.851,0.57%
27-May-16,1.851,1.833,1.855,1.821,1.15%
26-May-16,1.83,1.86,1.87,1.821,-2.24%
25-May-16,1.872,1.859,1.882,1.849,0.38%
24-May-16,1.865,1.838,1.88,1.821,1.63%
23-May-16,1.835,1.838,1.856,1.818,-0.09%
22-May-16,1.837,1.844,1.844,1.835,-0.40%
20-May-16,1.844,1.849,1.868,1.837,-0.16%
19-May-16,1.847,1.849,1.883,1.83,-0.65%
18-May-16,1.859,1.774,1.887,1.764,4.91%
17-May-16,1.772,1.753,1.776,1.736,0.85%
16-May-16,1.757,1.702,1.757,1.7,3.24%
15-May-16,1.702,1.695,1.702,1.695,0.00%
13-May-16,1.702,1.752,1.755,1.7,-2.63%
12-May-16,1.748,1.724,1.765,1.715,0.75%
11-May-16,1.735,1.767,1.77,1.721,-1.08%
10-May-16,1.754,1.753,1.775,1.747,0.17%
09-May-16,1.751,1.789,1.793,1.747,-2.15%
08-May-16,1.789,1.788,1.789,1.784,0.58%
06-May-16,1.779,1.756,1.786,1.705,2.12%
05-May-16,1.742,1.793,1.809,1.735,-1.97%
04-May-16,1.777,1.807,1.817,1.77,-1.06%
03-May-16,1.796,1.856,1.858,1.782,-4.06%
02-May-16,1.872,1.83,1.874,1.81,2.41%
01-May-16,1.828,1.826,1.83,1.826,-0.38%
29-Apr-16,1.835,1.839,1.876,1.816,0.60%
28-Apr-16,1.824,1.847,1.872,1.81,-1.57%
27-Apr-16,1.853,1.922,1.923,1.851,-4.04%
26-Apr-16,1.931,1.907,1.941,1.89,0.84%
25-Apr-16,1.915,1.891,1.914,1.865,1.25%
24-Apr-16,1.891,1.891,1.895,1.891,0.00%
22-Apr-16,1.891,1.868,1.897,1.847,1.39%
21-Apr-16,1.865,1.84,1.891,1.833,1.08%
20-Apr-16,1.845,1.78,1.859,1.752,3.25%
19-Apr-16,1.787,1.783,1.806,1.771,0.90%
18-Apr-16,1.771,1.726,1.787,1.722,2.63%
17-Apr-16,1.726,1.726,1.727,1.724,-1.62%
15-Apr-16,1.754,1.787,1.799,1.74,-2.12%
14-Apr-16,1.792,1.773,1.804,1.752,1.47%
13-Apr-16,1.766,1.778,1.797,1.757,-0.56%
12-Apr-16,1.776,1.729,1.785,1.725,3.14%
11-Apr-16,1.722,1.732,1.755,1.698,-0.60%
10-Apr-16,1.732,1.717,1.734,1.717,0.90%
08-Apr-16,1.717,1.701,1.738,1.699,1.78%
07-Apr-16,1.687,1.758,1.769,1.685,-4.04%
06-Apr-16,1.758,1.732,1.774,1.729,2.21%
05-Apr-16,1.72,1.764,1.764,1.715,-2.38%
04-Apr-16,1.762,1.765,1.791,1.753,-0.19%
03-Apr-16,1.765,1.774,1.774,1.765,-0.49%
01-Apr-16,1.774,1.784,1.814,1.762,0.23%
31-Mar-16,1.77,1.816,1.832,1.769,-3.17%
30-Mar-16,1.828,1.809,1.862,1.804,1.33%
29-Mar-16,1.804,1.883,1.898,1.8,-4.20%
28-Mar-16,1.883,1.914,1.918,1.863,-1.63%
27-Mar-16,1.914,1.907,1.914,1.907,0.75%
24-Mar-16,1.9,1.884,1.902,1.852,1.12%
23-Mar-16,1.879,1.951,1.954,1.872,-3.34%
22-Mar-16,1.944,1.919,1.946,1.879,1.41%
21-Mar-16,1.917,1.893,1.924,1.868,2.15%
20-Mar-16,1.877,1.877,1.877,1.877,0.00%
18-Mar-16,1.877,1.901,1.901,1.863,-1.11%
17-Mar-16,1.898,1.908,1.919,1.854,-0.78%
16-Mar-16,1.913,1.97,2.002,1.908,-2.79%
15-Mar-16,1.968,1.963,1.975,1.915,0.36%
14-Mar-16,1.961,1.979,1.986,1.941,-0.80%
13-Mar-16,1.977,1.98,1.98,1.972,-0.16%
11-Mar-16,1.98,1.932,1.986,1.916,2.27%
10-Mar-16,1.936,1.876,1.952,1.855,3.03%
09-Mar-16,1.879,1.829,1.897,1.825,2.62%
08-Mar-16,1.831,1.908,1.909,1.804,-3.83%
07-Mar-16,1.904,1.879,1.92,1.876,1.31%
06-Mar-16,1.879,1.885,1.885,1.878,0.18%
04-Mar-16,1.876,1.835,1.902,1.818,2.23%
03-Mar-16,1.835,1.834,1.863,1.814,0.00%
02-Mar-16,1.835,1.816,1.872,1.804,0.44%
01-Mar-16,1.827,1.737,1.837,1.702,5.12%
29-Feb-16,1.738,1.757,1.768,1.73,-1.09%
28-Feb-16,1.757,1.764,1.764,1.755,-0.39%
26-Feb-16,1.764,1.724,1.783,1.714,2.92%
25-Feb-16,1.714,1.752,1.76,1.678,-2.17%
24-Feb-16,1.752,1.721,1.755,1.647,2.10%
23-Feb-16,1.716,1.757,1.814,1.714,-2.22%
22-Feb-16,1.755,1.748,1.783,1.747,0.38%
21-Feb-16,1.748,1.75,1.752,1.748,0.30%
19-Feb-16,1.743,1.74,1.785,1.719,0.11%
18-Feb-16,1.741,1.812,1.829,1.736,-4.13%
17-Feb-16,1.816,1.778,1.847,1.74,2.08%
16-Feb-16,1.779,1.772,1.803,1.743,0.38%
15-Feb-16,1.772,1.746,1.777,1.746,1.48%
14-Feb-16,1.746,1.746,1.746,1.746,0.00%
12-Feb-16,1.746,1.663,1.758,1.647,4.93%
11-Feb-16,1.664,1.681,1.683,1.53,-0.54%
10-Feb-16,1.673,1.736,1.774,1.67,-3.35%
09-Feb-16,1.731,1.745,1.767,1.682,-0.97%
08-Feb-16,1.748,1.853,1.87,1.733,-5.66%
07-Feb-16,1.853,1.851,1.855,1.849,0.54%
05-Feb-16,1.843,1.848,1.896,1.825,-0.16%
04-Feb-16,1.846,1.883,1.91,1.841,-1.96%
03-Feb-16,1.883,1.85,1.896,1.793,1.67%
02-Feb-16,1.852,1.943,1.952,1.847,-5.03%
01-Feb-16,1.95,1.933,1.966,1.905,0.88%
31-Jan-16,1.933,1.923,1.936,1.923,0.52%
29-Jan-16,1.923,1.987,1.992,1.911,-2.98%
28-Jan-16,1.982,1.996,2.038,1.971,-1.05%
27-Jan-16,2.003,1.989,2.053,1.98,0.00%
26-Jan-16,2.003,2.005,2.027,1.961,-0.15%
25-Jan-16,2.006,2.059,2.064,2.003,-2.57%
24-Jan-16,2.059,2.061,2.064,2.057,0.09%
22-Jan-16,2.057,2.035,2.089,2.014,1.43%
21-Jan-16,2.028,1.996,2.035,1.956,2.01%
20-Jan-16,1.988,2.056,2.056,1.939,-3.31%
19-Jan-16,2.056,2.047,2.087,2.021,0.53%
18-Jan-16,2.045,2.042,2.047,2.042,0.40%
15-Jan-16,2.037,2.101,2.101,1.986,-2.58%
14-Jan-16,2.091,2.077,2.122,2.049,0.00%
13-Jan-16,2.091,2.117,2.151,2.042,-0.67%
12-Jan-16,2.105,2.175,2.2,2.08,-3.22%
11-Jan-16,2.175,2.126,2.179,2.126,2.81%
10-Jan-16,2.116,2.116,2.116,2.116,0.00%
08-Jan-16,2.116,2.154,2.225,2.112,-1.54%
07-Jan-16,2.149,2.183,2.2,2.119,-0.97%
06-Jan-16,2.17,2.236,2.244,2.168,-3.08%
05-Jan-16,2.239,2.241,2.266,2.223,-0.18%
04-Jan-16,2.243,2.293,2.293,2.2,-2.09%
03-Jan-16,2.291,2.269,2.293,2.269,0.96%
31-Dec-15,2.269,2.303,2.305,2.266,-1.09%
30-Dec-15,2.294,2.3,2.325,2.285,-0.61%
29-Dec-15,2.308,2.232,2.319,2.221,3.41%
28-Dec-15,2.232,2.253,2.257,2.213,-1.03%
27-Dec-15,2.255,2.245,2.255,2.245,0.45%
24-Dec-15,2.245,2.257,2.266,2.239,-0.62%
23-Dec-15,2.259,2.236,2.28,2.234,0.98%
22-Dec-15,2.237,2.195,2.239,2.185,1.91%
21-Dec-15,2.195,2.204,2.225,2.172,-0.33%
20-Dec-15,2.202,2.206,2.206,2.202,-0.08%
18-Dec-15,2.204,2.23,2.234,2.178,-0.94%
17-Dec-15,2.225,2.283,2.285,2.223,-3.18%
16-Dec-15,2.298,2.268,2.332,2.25,1.32%
15-Dec-15,2.268,2.218,2.289,2.202,1.93%
14-Dec-15,2.225,2.155,2.23,2.138,3.58%
13-Dec-15,2.148,2.146,2.148,2.145,0.75%
11-Dec-15,2.132,2.236,2.239,2.12,-4.57%
10-Dec-15,2.234,2.218,2.239,2.206,1.04%
09-Dec-15,2.211,2.227,2.271,2.197,-0.50%
08-Dec-15,2.222,2.236,2.245,2.197,-0.63%
07-Dec-15,2.236,2.285,2.292,2.204,-2.15%
06-Dec-15,2.285,2.283,2.285,2.283,0.54%
04-Dec-15,2.273,2.303,2.358,2.26,-2.07%
03-Dec-15,2.321,2.183,2.347,2.178,6.57%
02-Dec-15,2.178,2.154,2.201,2.154,1.54%
01-Dec-15,2.145,2.217,2.239,2.145,-2.85%
30-Nov-15,2.208,2.218,2.245,2.206,-0.39%
29-Nov-15,2.217,2.222,2.222,2.217,-0.24%
27-Nov-15,2.222,2.222,2.231,2.204,-0.07%
26-Nov-15,2.224,2.22,2.225,2.22,-0.47%
25-Nov-15,2.234,2.246,2.248,2.224,-0.22%
24-Nov-15,2.239,2.243,2.252,2.206,-0.18%
23-Nov-15,2.243,2.273,2.297,2.239,-0.93%
22-Nov-15,2.264,2.264,2.264,2.264,0.00%
20-Nov-15,2.264,2.255,2.266,2.231,0.76%
19-Nov-15,2.247,2.273,2.276,2.232,-1.14%
18-Nov-15,2.273,2.273,2.299,2.259,0.22%
17-Nov-15,2.268,2.275,2.313,2.247,-0.13%
16-Nov-15,2.271,2.245,2.278,2.238,1.25%
15-Nov-15,2.243,2.275,2.275,2.243,-1.41%
13-Nov-15,2.275,2.317,2.32,2.267,-1.73%
12-Nov-15,2.315,2.331,2.354,2.299,-0.69%
11-Nov-15,2.331,2.335,2.335,2.331,-0.21%
10-Nov-15,2.336,2.347,2.353,2.311,-0.55%
09-Nov-15,2.349,2.329,2.377,2.323,0.95%
08-Nov-15,2.327,2.329,2.332,2.327,0.09%
06-Nov-15,2.325,2.236,2.349,2.223,3.98%
05-Nov-15,2.236,2.229,2.263,2.22,0.40%
04-Nov-15,2.227,2.209,2.241,2.198,0.41%
03-Nov-15,2.218,2.167,2.225,2.165,1.93%
02-Nov-15,2.176,2.137,2.189,2.13,1.92%
01-Nov-15,2.135,2.14,2.14,2.131,-0.51%
30-Oct-15,2.146,2.162,2.183,2.142,-1.20%
29-Oct-15,2.172,2.092,2.18,2.081,3.38%
28-Oct-15,2.101,2.044,2.106,2.028,3.14%
27-Oct-15,2.037,2.055,2.06,2.009,-1.02%
26-Oct-15,2.058,2.083,2.085,2.051,-1.20%
25-Oct-15,2.083,2.087,2.087,2.081,-0.19%
23-Oct-15,2.087,2.035,2.099,2.023,2.91%
22-Oct-15,2.028,2.023,2.055,2.003,0.00%
21-Oct-15,2.028,2.06,2.072,2.017,-1.98%
20-Oct-15,2.069,2.024,2.079,2.014,2.27%
19-Oct-15,2.023,2.023,2.056,2.014,-0.07%
18-Oct-15,2.024,2.035,2.035,2.024,-0.52%
16-Oct-15,2.035,2.026,2.037,2,0.79%
15-Oct-15,2.019,1.988,2.028,1.988,2.23%
14-Oct-15,1.975,2.047,2.049,1.974,-3.28%
13-Oct-15,2.042,2.069,2.078,2.037,-1.37%
12-Oct-15,2.07,2.069,2.074,2.069,-0.94%
09-Oct-15,2.09,2.099,2.138,2.079,-0.57%
08-Oct-15,2.102,2.069,2.122,2.033,1.79%
07-Oct-15,2.065,2.037,2.086,2.035,1.47%
06-Oct-15,2.035,2.049,2.077,2.028,-1.12%
05-Oct-15,2.058,1.984,2.063,1.977,3.72%
04-Oct-15,1.984,1.991,1.991,1.984,-0.35%
03-Oct-15,1.991,1.991,1.991,1.991,0.00%
02-Oct-15,1.991,2.049,2.065,1.904,-2.50%
01-Oct-15,2.042,2.042,2.072,2.009,0.34%
30-Sep-15,2.035,2.063,2.104,2.035,-1.21%
29-Sep-15,2.06,2.098,2.12,2.042,-1.81%
28-Sep-15,2.098,2.157,2.169,2.091,-2.73%
27-Sep-15,2.157,2.166,2.166,2.155,-0.42%
25-Sep-15,2.166,2.151,2.198,2.137,1.79%
24-Sep-15,2.128,2.146,2.158,2.081,-1.07%
23-Sep-15,2.151,2.123,2.173,2.121,0.89%
22-Sep-15,2.132,2.198,2.198,2.114,-3.05%
21-Sep-15,2.199,2.148,2.217,2.148,3.07%
20-Sep-15,2.134,2.134,2.134,2.134,0.00%
18-Sep-15,2.134,2.194,2.197,2.126,-2.65%
17-Sep-15,2.192,2.298,2.298,2.188,-4.53%
16-Sep-15,2.296,2.274,2.303,2.258,0.17%
15-Sep-15,2.292,2.185,2.294,2.164,4.99%
14-Sep-15,2.183,2.201,2.203,2.164,-0.89%
13-Sep-15,2.203,2.195,2.204,2.195,0.71%
11-Sep-15,2.187,2.222,2.226,2.172,-1.80%
10-Sep-15,2.227,2.183,2.236,2.176,1.46%
09-Sep-15,2.195,2.186,2.254,2.17,0.41%
08-Sep-15,2.186,2.151,2.201,2.126,1.63%
07-Sep-15,2.151,2.131,2.151,2.131,0.93%
04-Sep-15,2.131,2.165,2.169,2.109,-1.48%
03-Sep-15,2.163,2.179,2.197,2.151,-1.14%
02-Sep-15,2.188,2.161,2.198,2.144,1.34%
01-Sep-15,2.159,2.214,2.214,2.151,-2.48%
31-Aug-15,2.214,2.195,2.22,2.136,0.87%
30-Aug-15,2.195,2.184,2.195,2.184,0.49%
28-Aug-15,2.184,2.193,2.197,2.128,-0.32%
27-Aug-15,2.191,2.168,2.207,2.133,0.50%
26-Aug-15,2.18,2.057,2.193,2.052,4.91%
25-Aug-15,2.078,2.012,2.136,2.007,3.28%
24-Aug-15,2.012,2.031,2.045,1.905,-0.95%
23-Aug-15,2.031,2.045,2.045,2.03,-0.67%
21-Aug-15,2.045,2.078,2.091,2.03,-1.35%
20-Aug-15,2.073,2.133,2.134,2.07,-2.63%
19-Aug-15,2.129,2.194,2.23,2.113,-2.87%
18-Aug-15,2.192,2.164,2.203,2.138,1.01%
17-Aug-15,2.17,2.198,2.201,2.145,-1.18%
16-Aug-15,2.196,2.187,2.196,2.187,-0.23%
14-Aug-15,2.201,2.184,2.221,2.161,0.55%
13-Aug-15,2.189,2.141,2.198,2.112,1.91%
12-Aug-15,2.148,2.15,2.157,2.045,0.23%
11-Aug-15,2.143,2.23,2.232,2.114,-3.99%
10-Aug-15,2.232,2.177,2.243,2.175,2.63%
09-Aug-15,2.175,2.173,2.175,2.171,0.41%
07-Aug-15,2.166,2.228,2.254,2.164,-2.74%
06-Aug-15,2.227,2.272,2.281,2.218,-1.89%
05-Aug-15,2.27,2.234,2.293,2.214,2.11%
04-Aug-15,2.223,2.144,2.228,2.143,3.40%
03-Aug-15,2.15,2.2,2.209,2.139,-2.18%
02-Aug-15,2.198,2.196,2.2,2.196,0.50%
31-Jul-15,2.187,2.257,2.286,2.182,-3.10%
30-Jul-15,2.257,2.295,2.322,2.255,-1.40%
29-Jul-15,2.289,2.259,2.297,2.252,1.73%
28-Jul-15,2.25,2.221,2.266,2.219,1.53%
27-Jul-15,2.216,2.262,2.266,2.21,-2.05%
26-Jul-15,2.262,2.264,2.264,2.262,0.00%
24-Jul-15,2.262,2.275,2.286,2.255,-0.31%
23-Jul-15,2.269,2.325,2.343,2.268,-2.49%
22-Jul-15,2.327,2.331,2.342,2.302,-0.17%
21-Jul-15,2.331,2.372,2.403,2.327,-2.06%
20-Jul-15,2.38,2.36,2.396,2.342,1.41%
19-Jul-15,2.347,2.347,2.347,2.347,0.00%
18-Jul-15,2.347,2.347,2.347,2.347,0.00%
17-Jul-15,2.347,2.361,2.374,2.332,-0.38%
16-Jul-15,2.356,2.374,2.398,2.338,0.00%
15-Jul-15,2.356,2.39,2.432,2.345,-1.71%
14-Jul-15,2.397,2.447,2.45,2.388,-2.00%
13-Jul-15,2.446,2.388,2.47,2.375,2.34%
12-Jul-15,2.39,2.386,2.392,2.386,-0.46%
10-Jul-15,2.401,2.35,2.421,2.334,3.63%
09-Jul-15,2.317,2.197,2.325,2.181,5.46%
08-Jul-15,2.197,2.256,2.256,2.176,-2.57%
07-Jul-15,2.255,2.296,2.316,2.185,-1.53%
06-Jul-15,2.29,2.274,2.346,2.274,0.77%
05-Jul-15,2.272,2.386,2.386,2.271,-4.76%
02-Jul-15,2.386,2.429,2.47,2.364,-1.69%
01-Jul-15,2.427,2.373,2.444,2.349,3.32%
30-Jun-15,2.349,2.326,2.378,2.31,0.90%
29-Jun-15,2.328,2.303,2.409,2.292,1.02%
28-Jun-15,2.304,2.306,2.31,2.304,-6.86%
26-Jun-15,2.474,2.403,2.489,2.394,2.57%
25-Jun-15,2.412,2.365,2.423,2.364,1.64%
24-Jun-15,2.373,2.4,2.416,2.365,-1.70%
23-Jun-15,2.414,2.374,2.429,2.362,1.68%
22-Jun-15,2.374,2.286,2.378,2.279,3.76%
21-Jun-15,2.288,2.261,2.297,2.261,1.19%
19-Jun-15,2.261,2.326,2.326,2.258,-3.13%
18-Jun-15,2.334,2.3,2.381,2.261,0.60%
17-Jun-15,2.32,2.309,2.403,2.304,0.48%
16-Jun-15,2.309,2.352,2.356,2.307,-2.16%
15-Jun-15,2.36,2.349,2.376,2.313,0.41%
14-Jun-15,2.35,2.356,2.356,2.349,-1.66%
12-Jun-15,2.39,2.384,2.406,2.334,0.38%
11-Jun-15,2.381,2.475,2.5,2.377,-4.22%
10-Jun-15,2.486,2.433,2.495,2.433,1.80%
09-Jun-15,2.442,2.388,2.449,2.354,2.52%
08-Jun-15,2.382,2.413,2.415,2.366,-1.28%
07-Jun-15,2.413,2.409,2.417,2.409,0.17%
05-Jun-15,2.409,2.316,2.442,2.314,4.33%
04-Jun-15,2.309,2.361,2.425,2.296,-2.20%
03-Jun-15,2.361,2.259,2.388,2.254,4.19%
02-Jun-15,2.266,2.185,2.277,2.176,3.80%
01-Jun-15,2.183,2.128,2.199,2.106,2.57%
31-May-15,2.128,2.127,2.128,2.127,0.24%
30-May-15,2.123,2.123,2.123,2.123,0.00%
29-May-15,2.123,2.137,2.141,2.09,-0.56%
28-May-15,2.135,2.135,2.153,2.116,0.23%
27-May-15,2.13,2.153,2.176,2.125,-0.56%
26-May-15,2.142,2.204,2.213,2.132,-2.81%
25-May-15,2.204,2.214,2.214,2.202,-0.50%
22-May-15,2.215,2.195,2.241,2.163,0.91%
21-May-15,2.195,2.248,2.257,2.183,-2.75%
20-May-15,2.257,2.28,2.285,2.228,-1.44%
19-May-15,2.29,2.23,2.303,2.183,2.51%
18-May-15,2.234,2.153,2.243,2.139,3.77%
17-May-15,2.153,2.151,2.155,2.151,0.23%
15-May-15,2.148,2.23,2.234,2.132,-3.89%
14-May-15,2.235,2.28,2.292,2.223,-2.61%
13-May-15,2.295,2.26,2.298,2.189,2.14%
12-May-15,2.247,2.276,2.366,2.234,-1.75%
11-May-15,2.287,2.137,2.287,2.13,6.93%
10-May-15,2.139,2.142,2.142,2.139,-0.15%
08-May-15,2.142,2.176,2.2,2.101,-1.65%
07-May-15,2.178,2.241,2.312,2.167,-3.29%
06-May-15,2.252,2.185,2.258,2.178,3.21%
05-May-15,2.182,2.148,2.201,2.117,1.68%
04-May-15,2.146,2.133,2.148,2.087,1.62%
03-May-15,2.112,2.112,2.112,2.112,0.00%
01-May-15,2.112,2.049,2.124,2.046,3.78%
30-Apr-15,2.035,2.033,2.11,2.019,-0.54%
29-Apr-15,2.046,1.986,2.081,1.98,2.15%
28-Apr-15,2.003,1.924,2.007,1.916,4.00%
27-Apr-15,1.926,1.91,1.949,1.895,0.91%
26-Apr-15,1.909,1.91,1.91,1.909,-0.28%
24-Apr-15,1.914,1.958,1.972,1.907,-2.05%
23-Apr-15,1.954,1.98,1.989,1.935,-1.41%
22-Apr-15,1.982,1.909,1.993,1.891,3.72%
21-Apr-15,1.911,1.884,1.919,1.865,1.33%
20-Apr-15,1.886,1.87,1.902,1.853,0.83%
19-Apr-15,1.87,1.865,1.872,1.865,0.29%
17-Apr-15,1.865,1.891,1.912,1.844,-1.58%
16-Apr-15,1.895,1.895,1.926,1.869,0.26%
15-Apr-15,1.89,1.891,1.918,1.872,-0.53%
14-Apr-15,1.9,1.928,1.932,1.855,-1.55%
13-Apr-15,1.93,1.949,1.982,1.926,-1.07%
12-Apr-15,1.951,1.949,1.951,1.947,0.09%
10-Apr-15,1.949,1.963,1.967,1.919,-0.71%
09-Apr-15,1.963,1.902,1.967,1.876,2.99%
08-Apr-15,1.906,1.888,1.925,1.873,1.01%
07-Apr-15,1.887,1.899,1.928,1.881,-0.63%
06-Apr-15,1.899,1.831,1.911,1.826,3.61%
05-Apr-15,1.833,1.842,1.842,1.833,-0.49%
03-Apr-15,1.842,1.904,1.906,1.802,-3.71%
02-Apr-15,1.913,1.859,1.916,1.831,2.90%
01-Apr-15,1.859,1.93,1.947,1.852,-3.53%
31-Mar-15,1.927,1.954,1.968,1.923,-1.33%
30-Mar-15,1.953,1.956,1.975,1.941,-0.16%
29-Mar-15,1.956,1.96,1.96,1.954,-0.19%
27-Mar-15,1.96,2,2.002,1.944,-1.80%
26-Mar-15,1.996,1.927,2.012,1.89,3.58%
25-Mar-15,1.927,1.878,1.932,1.852,2.88%
24-Mar-15,1.873,1.92,1.925,1.866,-1.89%
23-Mar-15,1.909,1.925,1.942,1.906,-0.84%
22-Mar-15,1.925,1.932,1.932,1.925,-0.36%
20-Mar-15,1.932,1.965,1.975,1.923,-1.93%
19-Mar-15,1.97,1.916,1.989,1.899,2.71%
18-Mar-15,1.918,2.056,2.058,1.906,-6.53%
17-Mar-15,2.052,2.08,2.08,2.038,-1.06%
16-Mar-15,2.074,2.107,2.107,2.065,-1.48%
15-Mar-15,2.105,2.107,2.107,2.105,-0.61%
13-Mar-15,2.118,2.116,2.148,2.084,0.38%
12-Mar-15,2.11,2.105,2.123,2.042,0.05%
11-Mar-15,2.109,2.128,2.16,2.096,-0.57%
10-Mar-15,2.121,2.201,2.211,2.117,-3.24%
09-Mar-15,2.192,2.25,2.25,2.186,-2.59%
08-Mar-15,2.25,2.25,2.25,2.249,0.15%
06-Mar-15,2.247,2.121,2.259,2.101,6.14%
05-Mar-15,2.117,2.112,2.147,2.096,-0.09%
04-Mar-15,2.119,2.122,2.142,2.094,-0.14%
03-Mar-15,2.122,2.08,2.128,2.073,1.58%
02-Mar-15,2.089,2.005,2.096,1.991,4.18%
01-Mar-15,2.005,2.005,2.007,2.005,0.46%
27-Feb-15,1.996,2.026,2.052,1.993,-1.72%
26-Feb-15,2.031,1.972,2.038,1.931,2.99%
25-Feb-15,1.972,1.988,2.002,1.957,0.00%
24-Feb-15,1.972,2.066,2.108,1.972,-4.32%
23-Feb-15,2.061,2.113,2.136,2.054,-2.56%
22-Feb-15,2.115,2.12,2.12,2.115,0.00%
20-Feb-15,2.115,2.119,2.141,2.045,-0.33%
19-Feb-15,2.122,2.082,2.126,2.043,1.77%
18-Feb-15,2.085,2.138,2.164,2.043,-2.80%
17-Feb-15,2.145,2.017,2.152,1.998,6.24%
16-Feb-15,2.019,2.019,2.023,2.017,-1.36%
13-Feb-15,2.047,1.984,2.106,1.976,2.97%
12-Feb-15,1.988,1.997,2.049,1.959,-1.63%
11-Feb-15,2.021,1.977,2.028,1.97,0.85%
10-Feb-15,2.004,1.969,2.016,1.96,1.31%
09-Feb-15,1.978,1.941,1.986,1.886,1.91%
08-Feb-15,1.941,1.958,1.958,1.939,-0.87%
06-Feb-15,1.958,1.82,1.965,1.796,7.76%
05-Feb-15,1.817,1.738,1.829,1.718,4.01%
04-Feb-15,1.747,1.791,1.846,1.737,-2.84%
03-Feb-15,1.798,1.673,1.802,1.661,7.41%
02-Feb-15,1.674,1.653,1.712,1.649,1.30%
01-Feb-15,1.653,1.639,1.653,1.639,0.82%
30-Jan-15,1.639,1.761,1.761,1.637,-6.66%
29-Jan-15,1.756,1.727,1.785,1.714,2.15%
28-Jan-15,1.719,1.821,1.835,1.7,-5.96%
27-Jan-15,1.828,1.827,1.832,1.748,0.00%
26-Jan-15,1.828,1.767,1.844,1.752,3.35%
25-Jan-15,1.769,1.77,1.772,1.767,-1.13%
23-Jan-15,1.789,1.875,1.875,1.781,-4.43%
22-Jan-15,1.872,1.868,1.953,1.81,-0.16%
21-Jan-15,1.875,1.796,1.875,1.773,4.69%
20-Jan-15,1.791,1.8,1.837,1.759,-0.51%
19-Jan-15,1.8,1.809,1.809,1.798,-1.69%
16-Jan-15,1.831,1.724,1.839,1.698,5.96%
15-Jan-15,1.728,1.86,1.9,1.702,-6.85%
14-Jan-15,1.855,1.9,1.902,1.784,-2.62%
13-Jan-15,1.905,1.905,1.945,1.864,-0.21%
12-Jan-15,1.909,1.964,1.98,1.902,-2.11%
11-Jan-15,1.95,1.95,1.95,1.95,0.00%
09-Jan-15,1.95,2.018,2.028,1.943,-3.37%
08-Jan-15,2.018,1.976,2.03,1.968,2.49%
07-Jan-15,1.969,1.944,2.009,1.926,1.60%
06-Jan-15,1.938,2.037,2.039,1.887,-4.72%
05-Jan-15,2.034,2.102,2.133,2.027,-3.23%
04-Jan-15,2.102,2.114,2.114,2.1,-0.58%
02-Jan-15,2.114,2.2,2.213,2.102,-2.59%
01-Jan-15,2.17,2.17,2.17,2.17,0.00%
31-Dec-14,2.17,2.183,2.19,2.165,-1.00%
30-Dec-14,2.192,2.202,2.209,2.167,-0.54%
29-Dec-14,2.204,2.248,2.253,2.193,-1.96%
28-Dec-14,2.248,2.252,2.252,2.248,-0.17%
26-Dec-14,2.252,2.255,2.266,2.236,-0.14%
25-Dec-14,2.255,2.255,2.257,2.253,-0.39%
24-Dec-14,2.264,2.26,2.301,2.241,-0.22%
23-Dec-14,2.269,2.157,2.271,2.155,5.24%
22-Dec-14,2.156,2.165,2.19,2.149,-0.51%
21-Dec-14,2.167,2.169,2.169,2.165,0.32%
19-Dec-14,2.16,2.213,2.234,2.157,-2.17%
18-Dec-14,2.208,2.148,2.225,2.111,3.37%
17-Dec-14,2.136,2.061,2.15,2.047,3.64%
16-Dec-14,2.061,2.116,2.118,2.009,-2.55%
15-Dec-14,2.115,2.078,2.136,2.071,1.68%
14-Dec-14,2.08,2.083,2.085,2.08,-0.14%
12-Dec-14,2.083,2.171,2.171,2.083,-3.96%
11-Dec-14,2.169,2.167,2.216,2.139,-0.18%
10-Dec-14,2.173,2.218,2.23,2.155,-1.81%
09-Dec-14,2.213,2.264,2.271,2.187,-2.04%
08-Dec-14,2.259,2.31,2.347,2.243,-2.28%
07-Dec-14,2.312,2.306,2.319,2.306,0.21%
05-Dec-14,2.307,2.245,2.331,2.243,3.18%
04-Dec-14,2.236,2.282,2.298,2.236,-2.02%
03-Dec-14,2.282,2.292,2.306,2.278,-0.52%
02-Dec-14,2.294,2.234,2.296,2.225,2.59%
01-Dec-14,2.236,2.178,2.243,2.15,2.74%
30-Nov-14,2.176,2.173,2.178,2.173,0.15%
28-Nov-14,2.173,2.215,2.225,2.166,-1.89%
27-Nov-14,2.215,2.211,2.217,2.211,-1.35%
26-Nov-14,2.245,2.259,2.262,2.229,-0.62%
25-Nov-14,2.259,2.305,2.317,2.257,-2.00%
24-Nov-14,2.305,2.31,2.338,2.299,-0.29%
23-Nov-14,2.312,2.312,2.312,2.312,0.00%
21-Nov-14,2.312,2.34,2.354,2.308,-1.11%
20-Nov-14,2.338,2.358,2.358,2.303,-0.85%
19-Nov-14,2.358,2.317,2.363,2.31,1.77%
18-Nov-14,2.317,2.335,2.342,2.308,-0.98%
17-Nov-14,2.34,2.313,2.347,2.282,1.23%
16-Nov-14,2.312,2.319,2.324,2.312,-0.32%
14-Nov-14,2.319,2.345,2.377,2.315,-1.11%
13-Nov-14,2.345,2.377,2.384,2.34,-1.18%
12-Nov-14,2.373,2.373,2.377,2.319,0.08%
11-Nov-14,2.371,2.373,2.373,2.369,0.47%
10-Nov-14,2.36,2.308,2.362,2.273,2.32%
09-Nov-14,2.306,2.308,2.31,2.306,0.24%
07-Nov-14,2.301,2.387,2.407,2.299,-3.40%
06-Nov-14,2.382,2.344,2.391,2.326,1.53%
05-Nov-14,2.346,2.333,2.369,2.328,0.47%
04-Nov-14,2.335,2.341,2.351,2.303,-0.47%
03-Nov-14,2.346,2.309,2.384,2.301,0.46%
02-Nov-14,2.335,2.335,2.335,2.335,0.00%
31-Oct-14,2.335,2.307,2.359,2.296,1.17%
30-Oct-14,2.308,2.31,2.333,2.28,-0.56%
29-Oct-14,2.321,2.296,2.362,2.276,0.91%
28-Oct-14,2.3,2.262,2.3,2.248,1.81%
27-Oct-14,2.259,2.287,2.298,2.243,-1.16%
26-Oct-14,2.285,2.266,2.291,2.266,0.86%
24-Oct-14,2.266,2.275,2.278,2.229,-0.48%
23-Oct-14,2.277,2.216,2.3,2.201,2.57%
22-Oct-14,2.22,2.216,2.25,2.178,-0.31%
21-Oct-14,2.227,2.176,2.227,2.135,1.55%
20-Oct-14,2.193,2.218,2.225,2.16,-1.22%
19-Oct-14,2.22,2.199,2.225,2.199,0.95%
17-Oct-14,2.199,2.155,2.229,2.122,2.23%
16-Oct-14,2.151,2.111,2.18,1.978,1.03%
15-Oct-14,2.129,2.204,2.229,1.865,-3.10%
14-Oct-14,2.197,2.24,2.264,2.176,-1.83%
13-Oct-14,2.238,2.234,2.241,2.234,-2.10%
10-Oct-14,2.286,2.316,2.348,2.28,-1.76%
09-Oct-14,2.327,2.33,2.345,2.279,0.39%
08-Oct-14,2.318,2.352,2.386,2.311,-0.98%
07-Oct-14,2.341,2.421,2.43,2.337,-3.26%
06-Oct-14,2.42,2.439,2.452,2.404,-0.87%
05-Oct-14,2.441,2.436,2.443,2.436,0.21%
03-Oct-14,2.436,2.436,2.484,2.429,0.00%
02-Oct-14,2.436,2.387,2.439,2.384,1.97%
01-Oct-14,2.389,2.5,2.508,2.384,-4.25%
30-Sep-14,2.495,2.479,2.524,2.479,0.65%
29-Sep-14,2.479,2.524,2.54,2.479,-1.85%
28-Sep-14,2.526,2.524,2.526,2.522,-0.07%
27-Sep-14,2.528,2.528,2.528,2.528,0.00%
26-Sep-14,2.528,2.506,2.549,2.49,0.96%
25-Sep-14,2.504,2.567,2.571,2.502,-2.42%
24-Sep-14,2.566,2.531,2.569,2.527,1.54%
23-Sep-14,2.527,2.556,2.556,2.527,-1.52%
22-Sep-14,2.566,2.569,2.578,2.547,-0.19%
21-Sep-14,2.571,2.578,2.578,2.571,-0.28%
19-Sep-14,2.578,2.629,2.655,2.575,-1.53%
18-Sep-14,2.618,2.629,2.642,2.594,-0.15%
17-Sep-14,2.622,2.591,2.625,2.547,1.08%
16-Sep-14,2.594,2.591,2.596,2.553,0.12%
15-Sep-14,2.591,2.612,2.651,2.582,-0.82%
14-Sep-14,2.612,2.612,2.612,2.612,0.14%
13-Sep-14,2.609,2.609,2.609,2.609,0.00%
12-Sep-14,2.609,2.547,2.616,2.545,2.31%
11-Sep-14,2.55,2.532,2.554,2.507,0.28%
10-Sep-14,2.543,2.5,2.543,2.493,1.64%
09-Sep-14,2.502,2.48,2.509,2.478,1.25%
08-Sep-14,2.471,2.45,2.48,2.421,0.87%
07-Sep-14,2.45,2.459,2.459,2.45,-0.38%
05-Sep-14,2.459,2.468,2.487,2.387,0.24%
04-Sep-14,2.453,2.403,2.457,2.382,2.29%
03-Sep-14,2.398,2.419,2.467,2.396,-1.03%
02-Sep-14,2.423,2.357,2.425,2.354,2.71%
01-Sep-14,2.359,2.345,2.359,2.345,0.61%
31-Aug-14,2.345,2.345,2.345,2.345,0.00%
29-Aug-14,2.345,2.343,2.354,2.325,0.30%
28-Aug-14,2.338,2.357,2.357,2.322,-0.97%
27-Aug-14,2.361,2.393,2.394,2.357,-1.54%
26-Aug-14,2.398,2.384,2.4,2.368,0.59%
25-Aug-14,2.384,2.41,2.432,2.377,-1.10%
24-Aug-14,2.41,2.409,2.41,2.409,0.31%
22-Aug-14,2.403,2.41,2.444,2.378,-0.25%
21-Aug-14,2.409,2.434,2.448,2.398,-0.78%
20-Aug-14,2.428,2.401,2.446,2.398,1.04%
19-Aug-14,2.403,2.396,2.407,2.361,0.38%
18-Aug-14,2.394,2.356,2.398,2.352,1.56%
17-Aug-14,2.357,2.359,2.359,2.357,0.70%
15-Aug-14,2.341,2.407,2.412,2.303,-2.58%
14-Aug-14,2.403,2.43,2.442,2.391,-0.70%
13-Aug-14,2.42,2.458,2.471,2.408,-1.18%
12-Aug-14,2.449,2.431,2.451,2.415,0.82%
11-Aug-14,2.429,2.431,2.44,2.411,-0.09%
10-Aug-14,2.431,2.422,2.433,2.422,0.38%
08-Aug-14,2.422,2.42,2.426,2.349,0.54%
07-Aug-14,2.409,2.471,2.482,2.408,-2.43%
06-Aug-14,2.469,2.487,2.489,2.433,-0.80%
05-Aug-14,2.489,2.487,2.525,2.473,0.16%
04-Aug-14,2.485,2.502,2.513,2.471,-0.59%
03-Aug-14,2.5,2.498,2.5,2.498,0.22%
02-Aug-14,2.494,2.494,2.494,2.494,0.00%
01-Aug-14,2.494,2.562,2.591,2.482,-2.65%
31-Jul-14,2.562,2.558,2.614,2.538,0.08%
30-Jul-14,2.56,2.46,2.569,2.458,3.98%
29-Jul-14,2.462,2.491,2.498,2.451,-1.01%
28-Jul-14,2.487,2.471,2.496,2.466,0.72%
27-Jul-14,2.469,2.467,2.471,2.467,0.09%
25-Jul-14,2.467,2.503,2.52,2.464,-1.40%
24-Jul-14,2.502,2.469,2.522,2.458,1.34%
23-Jul-14,2.469,2.467,2.478,2.449,0.12%
22-Jul-14,2.466,2.473,2.505,2.46,-0.12%
21-Jul-14,2.469,2.482,2.491,2.448,-0.52%
20-Jul-14,2.482,2.482,2.482,2.482,0.00%
18-Jul-14,2.482,2.451,2.502,2.448,1.64%
17-Jul-14,2.442,2.525,2.527,2.441,-3.48%
16-Jul-14,2.53,2.547,2.569,2.527,-0.86%
15-Jul-14,2.552,2.547,2.57,2.52,0.20%
14-Jul-14,2.547,2.525,2.55,2.518,0.94%
13-Jul-14,2.523,2.523,2.523,2.523,0.29%
12-Jul-14,2.516,2.516,2.516,2.516,0.00%
11-Jul-14,2.516,2.536,2.547,2.505,-0.87%
10-Jul-14,2.538,2.558,2.558,2.494,-0.70%
09-Jul-14,2.556,2.559,2.603,2.543,-0.12%
08-Jul-14,2.559,2.616,2.621,2.554,-2.10%
07-Jul-14,2.614,2.656,2.661,2.608,-1.64%
06-Jul-14,2.658,2.654,2.658,2.654,0.62%
03-Jul-14,2.641,2.625,2.692,2.615,0.49%
02-Jul-14,2.628,2.568,2.63,2.548,2.38%
01-Jul-14,2.567,2.53,2.57,2.521,1.38%
30-Jun-14,2.532,2.529,2.548,2.514,0.06%
29-Jun-14,2.53,2.53,2.53,2.53,-0.22%
27-Jun-14,2.536,2.527,2.536,2.507,0.16%
26-Jun-14,2.532,2.561,2.568,2.516,-1.13%
25-Jun-14,2.561,2.577,2.588,2.529,-0.62%
24-Jun-14,2.577,2.619,2.621,2.575,-1.87%
23-Jun-14,2.626,2.612,2.63,2.59,0.55%
22-Jun-14,2.612,2.608,2.612,2.608,0.14%
20-Jun-14,2.608,2.622,2.659,2.606,-0.50%
19-Jun-14,2.621,2.59,2.646,2.565,1.20%
18-Jun-14,2.59,2.659,2.66,2.586,-2.37%
17-Jun-14,2.653,2.601,2.657,2.588,2.16%
16-Jun-14,2.597,2.602,2.613,2.577,-0.21%
15-Jun-14,2.602,2.608,2.608,2.602,-0.21%
13-Jun-14,2.608,2.606,2.644,2.586,0.42%
12-Jun-14,2.597,2.644,2.658,2.575,-1.63%
11-Jun-14,2.64,2.653,2.662,2.613,0.00%
10-Jun-14,2.64,2.602,2.651,2.59,1.23%
09-Jun-14,2.608,2.595,2.628,2.595,0.57%
08-Jun-14,2.593,2.595,2.595,2.593,-0.15%
06-Jun-14,2.597,2.582,2.602,2.53,0.50%
05-Jun-14,2.584,2.597,2.647,2.57,-0.84%
04-Jun-14,2.606,2.595,2.615,2.568,0.27%
03-Jun-14,2.599,2.529,2.6,2.518,2.85%
02-Jun-14,2.527,2.484,2.541,2.475,1.81%
01-Jun-14,2.482,2.48,2.482,2.48,0.29%
30-May-14,2.475,2.466,2.491,2.452,0.20%
29-May-14,2.47,2.448,2.47,2.402,1.02%
28-May-14,2.445,2.514,2.516,2.434,-2.90%
27-May-14,2.518,2.539,2.553,2.512,-0.91%
26-May-14,2.541,2.543,2.545,2.541,0.21%
25-May-14,2.536,2.536,2.536,2.536,0.00%
23-May-14,2.536,2.552,2.557,2.518,-0.70%
22-May-14,2.554,2.543,2.568,2.534,0.79%
21-May-14,2.534,2.509,2.561,2.5,0.80%
20-May-14,2.514,2.543,2.553,2.502,-1.22%
19-May-14,2.545,2.521,2.546,2.495,0.94%
18-May-14,2.521,2.523,2.523,2.52,-0.07%
16-May-14,2.523,2.495,2.527,2.489,1.08%
15-May-14,2.496,2.543,2.562,2.473,-2.04%
14-May-14,2.548,2.616,2.62,2.525,-2.41%
13-May-14,2.611,2.661,2.661,2.607,-1.88%
12-May-14,2.661,2.631,2.665,2.631,1.09%
11-May-14,2.632,2.623,2.632,2.623,0.35%
09-May-14,2.623,2.611,2.636,2.591,0.46%
08-May-14,2.611,2.623,2.634,2.58,0.81%
07-May-14,2.59,2.599,2.617,2.577,-0.12%
06-May-14,2.593,2.606,2.626,2.586,-0.50%
05-May-14,2.606,2.575,2.613,2.572,0.77%
04-May-14,2.586,2.586,2.586,2.586,0.00%
02-May-14,2.586,2.615,2.7,2.573,-1.03%
01-May-14,2.613,2.659,2.662,2.593,-1.25%
30-Apr-14,2.646,2.691,2.717,2.644,-1.89%
29-Apr-14,2.697,2.708,2.731,2.688,-0.41%
28-Apr-14,2.708,2.675,2.71,2.668,1.30%
27-Apr-14,2.673,2.673,2.673,2.673,0.27%
25-Apr-14,2.666,2.686,2.69,2.644,-0.60%
24-Apr-14,2.682,2.702,2.733,2.681,-0.41%
23-Apr-14,2.693,2.717,2.722,2.677,-0.66%
22-Apr-14,2.711,2.717,2.748,2.699,-0.15%
21-Apr-14,2.715,2.719,2.733,2.688,-0.14%
20-Apr-14,2.719,2.721,2.721,2.711,-0.08%
17-Apr-14,2.721,2.632,2.726,2.623,3.26%
16-Apr-14,2.635,2.626,2.661,2.625,0.19%
15-Apr-14,2.63,2.646,2.663,2.596,-0.75%
14-Apr-14,2.65,2.603,2.657,2.603,1.80%
13-Apr-14,2.603,2.607,2.607,2.603,-0.95%
11-Apr-14,2.628,2.641,2.657,2.607,-0.72%
10-Apr-14,2.647,2.695,2.703,2.614,-1.71%
09-Apr-14,2.693,2.684,2.723,2.674,0.37%
08-Apr-14,2.683,2.708,2.721,2.674,-0.67%
07-Apr-14,2.701,2.723,2.735,2.683,-0.72%
06-Apr-14,2.721,2.721,2.723,2.721,-0.19%
04-Apr-14,2.726,2.799,2.801,2.721,-2.68%
03-Apr-14,2.801,2.806,2.806,2.777,-0.18%